username,date,title,text,rating,review_id,complaint_cluster
ام يزن ا.,"يناير 14, 2023",حلو,جميل,5.0,,
MOHAMED H.,"مارس 19, 2023",عديم الفائده,المي ما تطلع الا خفيييفه والمنتج لا انصح به,1.0,,
محمد ا.,"مايو 24, 2022",,جداََ ممتاز خدمني في الملحق دفع قوي,5.0,,
Ahmed M.,"مايو 13, 2025",الجودة,الجودة ليست كما توقعت. يوجد تسريب فى السماعه,4.0,,عيوب_تصنيع
Nady M.,"مارس 12, 2025",كما بالاعلان جيد جدا,جيد جدا,5.0,,
Mohamed H.,"أبريل 12, 2025",الاستخدام وطريقة التنظيف,"جميله جدا ومناسبه للسعر
والتوصيل في الموعد",5.0,,
Mohamed S.,"نوفمبر 29, 2024",حلوة وخامتها كويسه وضغط المياه فيها عالي,حلوة وخامتها كويسه وضغط المياه فيها عالي,5.0,,
Anonymous,"يونيو 30, 2025",خامه ممتازه وسعر مقابل جوده,منتج ممتاز,5.0,,
Anonymous,"مارس 19, 2025",سيئ,خامة سيئة جدا و غير عملي و غير قابل للاستخدام,1.0,,
Mohamed H.,"يوليو 15, 2025",جالي شطاف مختلف خالص,جالي شطاف مختلف,1.0,,
Amr G.,"نوفمبر 2, 2024",التاجر حاطط صورة والي بيبعته حاجه تانيه خالص,الي في الصورة شي والي اتبعت حاجه رخيصه جدااا علشان كده الماركه حاططها general,1.0,,
ABDALLAH A.,"يونيو 8, 2023",عملى جدا وسهل التركيب,كما بالوصف,5.0,,
Mahmoud A.,"مارس 1, 2025",الخامه,المنتجات مش نحاس زي مكتوب,1.0,,
عبداللة ح.,"يونيو 23, 2024",التشطيب ممتاز,الشكل والفنش جميل,4.0,,
Mahmoud M.,"مايو 13, 2025",..,مش قد كدا والخرطوم قصير والخامه ضعيفه,1.0,,جودة_المنتج
Mahmoud S.,"نوفمبر 30, 2025",خلاط ممتاز للاحواض الصغيرة,"خلاط ممتاز من ايديال ستاندرد ولكن وصلاته قصيرة نوعا ما واحتجت ازود وصلة صغيرة لكل وصله لكن لو محابس المياه قريبة من الحوض لن يكون هناك حاجة لوصلات اضافيه ويوجد
 ...المزيد",5.0,,
Ahmed M.,"مايو 13, 2025",الجودة,الجودة ليست كما توقعت. يوجد تسريب فى السماعه,4.0,,عيوب_تصنيع
Ahmed M.,"مايو 13, 2025",الجودة,الجودة ليست كما توقعت. يوجد تسريب فى السماعه,4.0,,عيوب_تصنيع
Memo H.,"ديسمبر 9, 2022",ممتاااز,اكتر من رائع,5.0,,
Ahmad E.,"أبريل 7, 2024",جودة سيئة جدا,منتج زبالة بينقط من كل حته و اتفكك من بعضه اول يوم,1.0,,
محمد ا.,"أبريل 5, 2023",منتج سئ,منتج مفيهوش مميزات ومن البلاستيك وبدون فلاتر وكمان مفيهوش تقليل استهلاك الماء,1.0,,
Abdelrahman M.,"مارس 9, 2025",سئ جدا,القطع مش مطابقة,1.0,,
Amira S.,"أبريل 5, 2024",الخامه ممتازه,ممتاز كما بالوصف,5.0,,
رحاب ا.,"يونيو 8, 2024",ممتاز,"خامة ممتازة وأداء فوق الرائع
كتبت التقييم بعد 4 شهور من استخدامه ... بجد فوق الممتاز",5.0,,
Anonymous,"مارس 29, 2025",الخامات ضعيفه,"الخامه خفيفه جدا ولا تتحمل العمل اليومي والتقفيل أسوأ ما يمكن كاني ماسك بلاستيك مش نحاس أو اي نوع تاني
 ...المزيد",1.0,,
Anonymous,"مايو 9, 2025",المنتج ثلث في استخدامه,منتج كويس بالنسبة لسعره,4.0,,
Ismail A.,"مارس 29, 2024",خامة سيئة قابلة للكسر,المنتج بلاستيكي بالكامل وليس به استانلس استيل وخفيف يمكن كسره اثناء الدوران,1.0,,
Hida H.,"يوليو 26, 2025",حقيقي رائع وشكرا لاديال استاندر كان في مشكله في الخلاط وصلحوه بدون مقابل,حقيقي رائع,5.0,,
Heba G.,"أكتوبر 1, 2023",تحفة,المنتج جيد جدا جدا جدا والسعر ملوش حل,5.0,,
Anonymous,"أغسطس 5, 2024",كويس جدا,هايل,5.0,,
محمد ا.,"ديسمبر 27, 2024",منتج رائع من بائع ممتاز وسعر ثابت لفترة طويله ونون موقع تسوق يحترم العميل ويقدم منتجات موثوق بها,كواليتي ممتاز جداااا وبائع محترم وسعر مميز وثابت ... ونون الثقة كلها,5.0,,
Hisham S.,"أبريل 28, 2025",بصراحة المنتج ابهرني,الخامة ممتازة جداً و محترم ويستحمل شغل المطبخ و مريح في التعامل بشكركم جداً,5.0,,
Anonymous,"أكتوبر 11, 2025",سيئ جدا و خفيف لا يحتمل و كان ناقص قطع,قطع جايه ناقصة و في تثبيت الارجل قطعتين ناقصين و لا يوجد ورقة جدول للتركيب,1.0,,منتج_غير_مكتمل
Anonymous,"أغسطس 12, 2025",اغلى من بره ب200ج حرام ظ,سعره عالي عن بره بـ200جـ,1.0,,السعر
Mo E.,"أبريل 25, 2024",ممتاز,المنتج خامته نظيفة ومعدن,5.0,,
Anonymous,"يوليو 1, 2025",بينقط مع اول استخدام,يوجد تسريب بماسورة التوصيل,2.0,,عيوب_تصنيع
Yessine A.,"أكتوبر 2, 2024",الجودة,كما بالوصف منتج ممتاز وجارى تجىدربته عمليا,5.0,,
Anonymous,"أكتوبر 28, 2025",ممتاز,ممتاز,5.0,,
Mohamed A.,"أكتوبر 3, 2025",مش زي الوصف,جي من غير المحبس اللي هوه اهم حاجه,1.0,,
Anonymous,"نوفمبر 1, 2023",كويس بس خرطوم قصير وبيسرب ميه,كويس,3.0,,
Mayyada M.,"نوفمبر 20, 2024",نفس الشكل مع القطع بس مجربتهوش لسة,يخد مياه اكتر,4.0,,
Anonymous,"مايو 26, 2024",Very good,Gooooooooood,5.0,,
Ahmed S.,"يوليو 15, 2025",..,"اقسم بالله سئ جدا بيسرب ميه وحاولت اكتم الميه فتره بسيطه وباظ خالص 
وهو جديد شكله حلو اه بس ع الفاضي والخامه رديئه",1.0,,عيوب_تصنيع
Anonymous,"نوفمبر 30, 2024",فى مشكله فى قطعه,فى مشكله,5.0,,
Mohamed E.,"سبتمبر 29, 2025",قيمة مقابل السعر,ممتاز جدا مقابل سعره,5.0,,
Anonymous,"أغسطس 26, 2025",جيدة,خلاط بانيو جيد من حيث الخامة والتغليف,4.0,,
ABDALLAH A.,"يونيو 8, 2023",عملى جدا وسهل التركيب,كما بالوصف,5.0,,
Mahmoud A.,"مارس 1, 2025",الخامه,المنتجات مش نحاس زي مكتوب,1.0,,
عبداللة ح.,"يونيو 23, 2024",التشطيب ممتاز,الشكل والفنش جميل,4.0,,
Anonymous,"مايو 9, 2025",المنتج ثلث في استخدامه,منتج كويس بالنسبة لسعره,4.0,,
Heba G.,"أكتوبر 1, 2023",تحفة,المنتج جيد جدا جدا جدا والسعر ملوش حل,5.0,,
Anonymous,"أغسطس 5, 2024",كويس جدا,هايل,5.0,,
محمد ا.,"ديسمبر 27, 2024",منتج رائع من بائع ممتاز وسعر ثابت لفترة طويله ونون موقع تسوق يحترم العميل ويقدم منتجات موثوق بها,كواليتي ممتاز جداااا وبائع محترم وسعر مميز وثابت ... ونون الثقة كلها,5.0,,
Hisham S.,"أبريل 28, 2025",بصراحة المنتج ابهرني,الخامة ممتازة جداً و محترم ويستحمل شغل المطبخ و مريح في التعامل بشكركم جداً,5.0,,
Abdelrahman M.,"مارس 9, 2025",سئ جدا,القطع مش مطابقة,1.0,,
Amira S.,"أبريل 5, 2024",الخامه ممتازه,ممتاز كما بالوصف,5.0,,
,12 May 2024,اشتريته ١١ الف وتم خفض السعر لنصف شي غريب ؟؟,المنتج نفس الصورة وصل,4.0,R35627U9VG5TAN,
,8 February 2025,مش احسن جودة,وصلات ضعيفة جدا و الخامة مش احسن حاجة,2.0,RBLLTLQNGAAEB,جودة_المنتج
,9 May 2024,خامه ممتازه جدا,بجد فخم جدا والتغليف روعه ، مكنتش متخيل انه بالجمال ده وكمت خايف ليطلع غير الى فى الصوره ، بجد شكرا,5.0,R8NFAG6XPWLF2,
,9 January 2025,سئ جدا 😡,المنتج ناقص حاجات كتير زي المسامير والجلده الي عند مكان الي بيغسل الكوبايات  الشاشه مش راضيه تشتغل وعملت طلب إرجاع ولسه محدش رد,1.0,R68MIFOW9FISR,منتج_غير_مكتمل
,24 March 2024,التعامل ما بعد البيع,المنتج حلو جدا و التعامل ما بعد البيع لطيف جدا,5.0,R1NXCUWLV1F9CR,
,21 July 2024,الحوض تمام لكن المصداقية فى ارسال الهدية المرفقة بالاعلان,الحوض تمام لكن الهدية لم يتم إرسالها كما هو مكتوب بالاعلان غساله اكواب اتوماتيك,3.0,R15OR7CXO3547T,
,5 February 2024,احلى حوض فى مصر مناسب لكل المطابخ ومعاة غسالة اكواب هدية,احلى حوض فى مصر مناسب لكل المطابخ ومعاة غسالة اكواب هدية,5.0,R3I3G1ADPF6AGZ,
,15 October 2023,شكله حلو بس خفيف,هو فى الشكل حلو لكن الحله صغيرة جدا جدا يعنى بتاخد كام طبق لو عائله مينفعهاش الحله دىدى عايزة اسرة صغيرة بس انا كنت مجبرة لانى مش لاقيه فى منه فى  السوق .,3.0,RDMWQQNLPZP7A,
,24 February 2023,خفيف,صاج خفيف و مطبق,1.0,R2W3WVIQYO58FH,
,7 December 2022,سؤال,هل يأتى معه الصرف؟؟,3.0,RPGPP2MQU1KKN,
,26 May 2025,,"6 ans après, je ne regrette pas mon achat.Il est très légèrement rayer si on se penche dessus. Un peu bruyant, je mettrais plus de scotch anti bruit si j'en trouvais (sûrement aussi en cause le mitigeur un peu trop haut).Par contre il ne montre aucune trace d'usure. Je déménage et j'ai besoin d'une nouvelle cuisine : c'est vers Franke que je me tourne.",,R3VK9LZYIN5ANG,
,10 May 2021,,"El fregadero es maravilloso, y al vendedor le doy un 10. Tuve una duda postventa y me respondió enseguida, el paquete llegó súper protegido. Muy contenta",,R28M1KT6EBM1II,
,17 February 2025,الصوره غير الاصل,طلبت المنتج وجاني غير الصوره خالص لا انصح بشرائه,1.0,R2ZY2XG0BADQIT,
,9 September 2025,عادى,شغال,1.0,R11K8MU0TO4ZGK,
,8 January 2023,منتج كويس بس اريد استبدالها بمقاس أصغر ٣٥ ×٤٥سم,ممكن استبدل حلة المطبخ بمقاس أصغر مقاس ٣٥ ×٤٥سم,4.0,RPMI8M0FZIG4W,
,11 August 2022,المنتج رديء وصناعة مصرية ليس تركية كما هو مكتوب,المنتج رديء وصناعة مصرية ليس تركية كما هو مكتوب,1.0,RSP2BXIP7XAIR,جودة_المنتج
,19 June 2023,كم العمق,كم سم عمق الحوض؟,3.0,R3VKCL2KOBWH42,
,2 March 2024,لم يصلني نفس الماركه المطلوبه,لم يصلني نفس ماركه المنتج المطلوب,1.0,R3E3RQFMZM0OFY,
,13 March 2022,خرطوم الصرف قصير ولم يصل للحائط,خرطوم الصرف قصير جدا جدا ولم يصل للصرف بالحائط وغير موجود لشرائه منفردا بالاسواق,5.0,R1WJIE6XQD5C2H,
,5 December 2025,كما بالوصف جيد جداً,ممتاز جداً كما بالوصف وسهل التثبيت .. جيد جداً للاحواض الكبيرة وليست المقاسات الصغيرة,5.0,RXVIJ46ULSOEZ,
,22 October 2025,الخامه,الخامه ضعيفه جدا,1.0,R3RJLU15CI07KE,جودة_المنتج
,26 January 2025,مريم,خامة كويسة انصح بالشراء,5.0,R2MO69AIVMZV04,
,25 January 2025,عدي,خامة ممتازة وسعر مناسب,5.0,R2XRRNGVF1HPJM,
,2 May 2025,ممتاز,خامة ممتازة شكرا,5.0,R2GVNUUXDUUH7B,
,26 January 2025,هدير,منتجات البائع ده ممتازة انصح بالشراء,5.0,R34CSMM9Z83SJC,
,15 April 2024,,"???
Read more",,R1Y56RP46SS3CI,
,14 February 2025,,"pas standard mais je m'ajuste je verrais bien par la suite, Robinet déjà défectueux acheter le mois d'Octobre 2024 je suis très déçu!!!...",,R1GAH5L8TLNFQE,
,31 December 2023,منتج ممتاز قيمه مقابل سعر,المنتج ممتاز وخامة محترمة والمشتملات رائعة شكرا روكا شكرا امزون,5.0,R1O8F5QNN26B5Y,
,15 September 2024,بلد الصنع والماركة وماهو سمك الاستانلس ستيل ودرجته,!؟؟,1.0,R1RNGJOU7JW7SQ,
,25 April 2023,راااائع,الحوض راااائع و المقاس مظبوط شكرا أمازون,5.0,R17MRNIFA4VNOI,
,15 June 2023,…. ماهو نوع الحوض؟. ……هل الحوض ٨٠/٥٠  سم المعلن ب ٢٣٠٠جم شامل طبق الصرف و السدادة؟,مطلوب حوض آستانلس للمطبخ,3.0,R2VZMV78N83KYM,
,30 August 2025,مشكله في المقاسات,الحوض جودته كويسه ولكن المقاس الذي استلمناه اكبر من المقاس المدون علي الموقعنرجو تصحيح الابعاد علي الموقع أو تسليم العميل المقاس المطلوبالمقاس المدون ٦٨والمقاس المستلم ٧٥وللاسف تم إرجاعه,3.0,RMJG68ZTOJ8ZI,
,17 March 2022,حوض مطبخ استانلس,40x35 ممكن مقاس ..  واحد مللي,4.0,RRCL6UBIH82N0,
,5 January 2025,منتج عملي ومثل الصوره,المنتج حلو جداااا,5.0,R1C8LZ3DIOKL29,
,6 January 2025,منتج رائع جدا,ممتاز,5.0,R2I0YHTJ9B2WTI,
,30 April 2023,بيركب في الرخامه؟,بيركب في الرخام؟,5.0,R2QJYXILMOIAA0,
,23 February 2025,غير المعروض,اللي وصل ملوش علاقة بالصور,1.0,R1K8IZDSHMM6TD,
,21 March 2025,انصح بعدم الشررررررررراء بائع غير امين,الحوض جالي ناقص الحنفيات والمقابض ومش هو نفس الموديل اللي طلبته وامازون مش رضيه ترجعه,1.0,RB03C7QY896V1,منتج_غير_مكتمل
,27 March 2025,سيء جدا,غير اصلي وبيجي ناقص الحنفيات يعني حله بس وملهاش لزمه,1.0,R2P3VQUOP1P5DX,منتج_غير_مكتمل
,7 August 2025,جوده وخامه كويسه,خامه وتشطيب محترم,5.0,RYZFVD6469ZKJ,
,25 January 2025,يونس,منتج جيد انصح بالشراء,5.0,R3L0OEB71DBZ8B,
,26 January 2025,مريم,خامة كويسة انصح بالشراء,5.0,RQMY2YEG0UWZZ,
,25 January 2025,عدي,خامة ممتازة وسعر مناسب,5.0,R33OTE1FPTC54H,
,27 August 2025,ردئ,ردئ شكله مختلف عن اللي في الصورة، وتقفيله ردئ,1.0,R1T7DYYK1BYWK,
,26 April 2025,روعة,جميل و حجم يستوعب قدر كبير من الأطباق و الحلل و شيك جدا,5.0,R3OHNS5TMCNDMU,
,20 April 2022,حوض مطبخ,المنتج جاني مخبوط من الجنب  اتواصل مع مين؟,1.0,R1W9XLETVR4RJA,
,2 February 2023,سئ جدا,منتج سئ جدا و خامه سيئة جدا ده لا يمكن يكون تركي اصلي وطلبت إرجاعه,1.0,R2N8FVZAL531RU,
,5 December 2021,ممتاز,منتج رائع كما موضح بالاعلان تماما ومعاه كل حاجته مسامير التثبيت والصرف ... حقيقى ممتاز,5.0,RGF5CVTW9NHU1,
,30 March 2025,شكرًا لك، منتج رائع!,شكرًا لك، منتج رائع!,5.0,R1V7EDALZS2SDV,
,5 November 2024,جميل جدا,ستانلس ستيل و مقاسه مظبوط حسب المواصفات لكن السعر غالى شويه,5.0,R1D4KM5T1TRQ75,
,25 September 2024,منتج جميل,منتج ممتاز غير قابل للصدا و تغليفه ممتاز,5.0,RT481GKZBXZBR,
,21 December 2024,جميل جدا,مفيد جداااا,5.0,R1323WB3EALDSA,
,28 September 2024,ممتاذ جدا تركي,منتج تركي وخامه ممتاذةشكرا للبائع,5.0,R1MCDYA6AC259N,
,24 August 2024,منتج جيدجدا,منتج ممتاز و تغليفه رائع جداو سهل الاستخدام,5.0,R1SBWN0PJMFFT8,
,30 December 2024,منتج رائع جداً,منتج جميل اوى واستخدامته عديده وكما وصفه البائع ومنتج جميل,5.0,R1VLPY62Y29DOP,
,2 January 2026,,"¡¡¡Excelente!!!
Read more",,RYUNNNGQ2TNJ8,
,12 January 2025,جه ناقص وصلات و الشاشه مش شغاله,جالي من غير وصلتين يعني في زرارين شكل بس و الشاشه مش شغاله والخامه وحشه جدا، ولما اتواصلت معاهم عشان ابدلوا معملوش حاجه و بطلو يردو,1.0,R158WYX7F5LTO1,جودة_المنتج
,30 August 2023,,"Se ve muy bonito y viene exacto como se ve en las imágenes pero si tiene algunos detalles a considerar: la instalación es un poco laboriosa si no sabes de plomeria es mejor dejarlo a manos de un experto debido a que una de las llaves (la fria) no se pudo instalar y mejor las cambie por un juego de llaves nuevo, la llave que abre y cierra el desagüe es de menor calidad de como se ve en el video (es de plástico no de metal) y el contador de temperatura y agua se apaga al usar la llave de cascada. Sin duda es buen producto pero con detalles actualizaré después de 3 meses de uso",,R3A15F95GJX85Q,
,21 August 2024,,"La tarja llego en excelente estado, con todos sus accesorios tal como en las imágenes, fácil de instalar",,R15T4YNG8HOPVD,
,14 September 2024,,"Llegó en muy buenas condiciones, todo funcionando al 100 👌",,R2H7U7OLDEI8OI,
,29 July 2025,,"Es kam schnell an, war perfekt verpackt und unbeschädigt. Es entspricht genau der Beschreibung und sieht perfekt aus. Es sieht wirklich toll aus!",,R24D882ES0XQG,
,16 November 2020,,"No lleva más de un mes usando los fregaderos ( compré dos) y ya tienen pequeñas manchas naranjas, se queda marcada todo el rastro de la cal del agua. Al ser mate se nota todo. Para ser Blanco, me han decepcionado. Me los como con patatas porque ya los tengo montados.",,R33UWFPOCCECA8,
,19 February 2018,,"Le elegí porque buscaba uno poco profundo, 21 cm, y queda muy bien. El profesional que me lo instaló me comentó que estos fregaderos eran muy buenos",,R32C3753O0DOUB,
,6 June 2024,Missing items,جالى ناقص خرطوم، و مخبوط,2.0,R3KKQJ7FW7DGCB,منتج_غير_مكتمل
,11 February 2024,,زفت,,R6XMVQCANF0MM,
,14 September 2022,حوض مطبخ حلو اوي وخامه تقيله,للأسف المقاس مختلف عن المكتوبمقاسه الحقيقي عرض ٦٠ وعمق ٥٠,3.0,R38EPAMBVY0W8R,
,11 August 2022,ايه ابعاد الحوض بالظبط دي اهم حاجة هي فين ف الاعلان !؟,ياريت معلومات كاملة,2.0,R2418JMLMDPO4U,
,30 September 2024,Very bad quality not as photo خامه رديئة ليست كما في الصور,استلمت واحده غير الي في الصورخامه رديئهماتستاهلش نص الميلغطلبت الترجيع,1.0,R35IBDXN80AAZU,
,19 March 2024,,"Muy buen producto, fácil de instalar, las medidas de las mangueras y el desagüe cuadran perfectamente con las utilizadas en Colombia, no tuve que hacer adecuaciones adicionales, todo lo que necesite para su instalación lo traía.Por mejorar: derian haber una indicación sobre el tipo de filtro de agua que se puede utilizar si quisiera uno activar la función de agua filtrada.",,RSLUOEBTVY79,
,7 July 2025,,"Excelente tamaño, lo único es que se Tapa con facilidad",,R2FWRY7UWMEG31,
,7 February 2025,ممتاز و  وعملية,ممتاز و  وعملية,5.0,R1Y1QO7LJXRNFZ,
,21 December 2024,حلوه وعمليه,منتج جيد بس على قد فلوسه ثمنه كان عامل 70 جنيهالمنتج كله من البلاستيك واتوقع هيبوظ بسرعهاندفاع المياه فيه قوي يصلح لشطف الاكواب فقط وليس غسيلهايعني كده كده هتضطر تغسل الكوب بالصابون وتدعكه كويس وبعدين تشطفه بالجهاز دهاعتقد انه اضافه جيده لتسهيل شطف الاكواب ولكن ليس اداه عمليه يمكن الاعتماد عليها بشكل اساسي,3.0,R2YX2840NFFMKP,
,24 September 2025,خامته حلوه,الخامه كويسه,5.0,R1WIS9MAAEEU12,
,5 November 2024,مفيد جدا,وصلت السلعة نفس الصور تمام,5.0,R2I9K8RRT66OMR,
,15 October 2024,جيد,مصفاه جيدة خامة كويسة,5.0,R37UOSKV6R085J,
,15 October 2024,جميل,منتج عملى ممتاز,5.0,R38SGCWEUCR2PW,
,3 November 2024,جميل,كما بالوصف والصوره,5.0,RRGOOR8TMTRY2,
,15 August 2025,٣ بوصه ومعاه الصرف بتاعه,كفاءة عاليه ٣ بوصه بالصرف,5.0,R2T71Z36NT47U9,
,5 May 2025,افضل سيفون حوض يعمل بكفائة عالية الى الان,ممتاز جدا,5.0,R1QYXLI652DMZS,
,11 September 2021,سيي,غير اللي في الصورة ونوع تأتي,1.0,R3S05IQVZK8M73,
,18 June 2023,ناقص الصرف,لا يوجد مجموعة الصرف,1.0,R1E9LDWPP5M2ZG,
,14 May 2022,الاطراف غير مستوية,اطراف الحوض غير مستوية و لو تم ااتركيب فوق الرخام ستجد الاطراف مقوسة الى اعلى,3.0,R20QRZU3KD9385,
,4 May 2023,عدم مصداقية,المنتج جاي ناقص التاجر كاتب ف الوصف حوض+صرف جاي حوض بس,1.0,R1QQFHE5ADTNRB,منتج_غير_مكتمل
,20 August 2025,,Muy bonitoNo lo he montadoPero si es lo que yo esperaba,,R1AWYJ8WZ3QUH6,
,11 September 2025,ممتازه,ممتاز جدا بتظبط الحوض وتخلي الدنيا نضيفه دايماشكرا للبائعوشكرا امازون,5.0,R1SGBZEJCTMY4I,
,12 September 2025,جيدة,جيدة,4.0,R1AT0RQ40SAPHQ,
,26 June 2025,حلو جدا و عملى,حلو جدا و عملى و مش بيخلى الحوض يتسد,5.0,R283VSMBBL7K5V,
,9 September 2024,احببته,جميل,4.0,RGXBUAYK0NTSZ,
,3 September 2025,خامة ممتازة ومنتج عملي,مطابق للصورة وخامة ممتازة,5.0,R1MJP7G845Y2MT,
,24 November 2025,,"Sieht gut aus, macht keinen Lärm.Top",,R17WTSYP0T7NIM,
,21 July 2024,,"...aber die Montage war spannend, da die Fixierung, die man von unten am Waschtisch befestigt, aus Plastik ist. Das Gewinde ist sehr fragil und hat nicht wirklich gehalten. Mit ausreichend Silikon wars kein Problem.Optisch sehr schön, funktioniert auch tadellos.",,R2094KHCJDDD0L,
,17 October 2024,,"Armatur passt sehr gut zum Aufsatzwaschbecken von Kachelmann, Höhe ist optimal. Weich laufender Bedienhebel spricht für die Qualität, ebenso der unproblematische Einbau.Auch der Ablauf mit eingebautem Stopp macht einen sehr wertigen Eindruck.",,R2DGZP2M40OZN7,
,27 May 2025,,"Joli, mais sans Qualité Zéro, aucune pièce standardisée, au bout de 3 les robinets fuient , a ne pas achetécerise sur le gâteau obligé de donné une étoile pour publier le commentaire",,R1SIF9VPU2W5PH,
,4 August 2024,,La cuve est bien mais alors tout le reste est de qualité médiocre la grille anti déchets a perdu sa peinture et a rouillé j'ai du la retirer les dessins sur les différents boutons se sont effacés la cuve a légumes commence a rouillé également ! Je suis déçue pour mon cadeau d'anniversaire qui n'était pas donné en plus on change pas ça tous les jours !,,R26WE4CVOKH8OE,
,9 July 2024,,"Cela fait 3 mois que nous l’avons installer il rouille de partout pourtant je l’essui après chaque vaisselle (sauf sur la photo j’ai pas essayer avant de les prendre) mais j’en prend soins et il est quand même arriver comme ça au bout de 3 mois j’imagine même pas dans quelque mois encore, j’ai envoyer message au vendeur il veut rien savoir il me propose rien à l’écouter faudrai limite pas laver la vaisselle pour pas qu’il rouille ce n’est pas normal qu’il soit devenu comme ça, je vous le déconseille vivement vraiment à fuir",,R1XB8DBKJ7VRCJ,
,25 February 2025,,Le mitigeur défectueux le robinet et la fontaine fuit même quand le mitigeur est fermé,,R18554CJUPAGG4,
,11 March 2024,سئ جدا,الخامة سيئه جدا والحوض خفيف جدا والثمن غالي جدا بالنسبه للخامه,1.0,R1ZC5DSR3NKLA1,السعر
,22 August 2025,اسكندريه,المنتج غير مطابق للصورة المعروضة ده اسمه غيش تجاري,1.0,R3KFWBV1R637WZ,
,21 August 2025,مصفاة سلك ردئ وليس ستانلس,ليست بالصورة أبدا,1.0,R219GJWZ0LOBWJ,
,9 November 2024,Baaaad,وصل 1بس والمفروض 2 والخامه وحشه جدا مش زي الصوره اطلاقا,1.0,RGKL8DJNN6EAJ,جودة_المنتج
,23 November 2025,المنتج عكس الصورة,المنتج غير اللي في الصورة سلك سيئ جدا,1.0,R34NS45LAH13E1,
,2 March 2020,تقييم من سوق.كوم,حوض تحفة في كل الإمكانات ومناسب جدا و مريح  حوض تحفة في كل الإمكانات ومناسب جدا و مريح حوض تحفة في كل الإمكانات ومناسب جدا و مريحإيجابيات هذا المنتج:حوض تحفة في كل الإمكانات ومناسب جدا و مريح,5.0,R2QA9UWT4LAYXW,
,27 August 2025,,"La tarja es de muy buen tamaño, por lo tanto es práctica. No se raya, es muy funcional.",,RXO53A98QX9KL,
,30 July 2025,,"El producto funciona muy bien pero no es idéntica a la que solicite, solo tener cuidado si quieres exactamente igual a la anunciada no lo es",,R2B2EHOEBX1HJ,
,1 February 2025,,Tal cuál se ve.,,RB8XZWGI1H28F,
,3 January 2026,,El fregadero muy bonito el problema que tuve que devolverlo porque el tamaño no coincidió con el espacio destinado para mi cocina ahora no sé a qué mensajería devolverlo ya que si no lo aceptan debo pagar la devolución creo que eso lo deben aclarar antes,,R2RTQVBN8ZOP9C,
,23 August 2022,سيئ وغير صالح للاستخدام لعدم وجود مستلزمات التثبيت بالشحنة,لا شيئ ، تم ارجاعه للبائع ، مضى اكثر من 10 ايام على الارجاع ولم استرد المبلغ,1.0,R3DKG7ESJWKSQ0,
,21 December 2021,المنتج عباره عن حله استانلس ورقيه بالحرف خامه لاتعرف معني الاستانلس وهذا نصب,المنتج عباره عن حله استانلس ورقيه بالحرف خامه لاتعرف معني الاستانلس وهذا نصب,1.0,R2Y5BJHIDK1RAC,
,30 November 2025,مش بتاع استخدام كتير عايز استخدام خفيف,بالنسبة للسعر معقول بس جالي المقبض بتاع الشاور مكسور,2.0,R3RROEQVY41FJK,عيوب_تصنيع
,24 July 2025,سيء,منتج سيء بكل ما تحتويه الكلمة من معنيالخلاط نفسه مخروم الغريب لماذا لا يتم اختبار المنتج قبل بيعه لا حول ولا قوة إلا بالله,1.0,R1OZNWYVX8RDGX,
,26 July 2025,ممتازة رائع خامة معقولة بالنسبة للسعر,خلاط رائع تقيل,5.0,RGDAHIJ96UFS2,
,27 August 2025,ممتازة وتقيلة ومحملة والفينش بتاعها هاااايل حلال فيها الفلوس,هايلة,5.0,ROAOX94JBQ96K,
,26 August 2024,ممتاز,خامه استانلس وقويه جدا,5.0,R1GMHNAKIQT21I,
,16 September 2025,ممتاز,ادائه ممتاز,5.0,R1MVB1B9CCPO9S,
,23 September 2025,منتج سيئ جدا وبيشر ميه من كل حته,لا انصح بالشراء بايظ وبيشر من كل حته ومفيش معاه اي حاجه خلاط فقط باااايظ من اول ماركب,1.0,R3CC4HFO741NAS,
,26 January 2025,مريم,خامة كويسة انصح بالشراء,5.0,RB68Y2RVALHDR,
,28 July 2025,المنتج ناقص مسطرة الدش,تم تسليم المنتج ناقص مسطرة الدش,2.0,R2FBO0API8ZK7O,منتج_غير_مكتمل
,31 July 2025,الماسورة بتاعت الشاور قصيرة مفيش وصلة,الماسورة قصيرة مفيش وصلة تطولها,3.0,RZL2Q8J5QKRLZ,
,11 July 2025,بيجي معاه سماعه دش ولا خلاط بس,بيجي معاه سماعه دش ولا خلاط بس؟,4.0,R3VNJOOG56MJG7,
,25 January 2025,عدي,خامة ممتازة وسعر مناسب,5.0,R2E784Q6NXUP46,
,27 August 2025,ممتازة وتقيلة ومحملة والفينش بتاعها هاااايل حلال فيها الفلوس,هايلة,5.0,ROAOX94JBQ96K,
,26 August 2024,ممتاز,خامه استانلس وقويه جدا,5.0,R1GMHNAKIQT21I,
,14 November 2025,الجودة والسعر شكرا امازون,جيدة والسعر رائع شكراً امازون,5.0,R9NIJ18A7LTL6,
,9 October 2025,غير مطابق للوصف,المنتج غير مطابق حيث أن بياناته 8سرعات قابل للتعديل،وهو في الحقيقه 4سرعات😔,1.0,R3BSF93PCFZXKI,
,29 July 2025,ممتاز,ممتاز جدا وخامة جيدة جدا,5.0,R1RCXQK6PEGEQA,
,7 August 2025,خامه اى كلام,منتج اى كلام منصحش حد يشتريهالتاجر غير امين بالمرهخامات ضعيفه .. والحفر على الطقم كل قطعه بإسم مختلف,2.0,R3EME9MVIIJGJ2,جودة_المنتج
,28 July 2025,مدينه الياسمين دهشور حدائق اكتوبر,مش احسن حاجة,2.0,R2P23SVCMINHJO,
,14 May 2025,يستاهل الشراء,منتج كويس جدا وقوى,5.0,R3J2GK1NGPDYAK,
,25 January 2025,يونس,منتج جيد جدا انصح بالشراء,5.0,RCOTSQ8UHLNZJ,
,26 January 2025,مريم,خامة كويسة انصح بالشراء,5.0,R1BTHYZPKO9F0G,
,25 January 2025,عدي,خامة ممتازة وسعر مناسب,5.0,R4FS9H00RQSC3,
,26 January 2025,هدير,منتجات البائع ده ممتازة انصح بالشراء,5.0,R1GDRMZ3I8TJ79,
,25 May 2025,جميل جدا من حيث التصميم والخامة ممتازه,انصح بها محترمة,5.0,R1OZLQNPRMDZHN,
,5 July 2025,,جميل و ممتازة و ضغط الماء ممتاز مع الفلتر,,R1GPK2V3BSBO0B,
,30 August 2025,,رائع وضخ الماء قوي,,RRLPSKEG4GJ1B,
,12 August 2025,,جيد نوعا ما مقارنة بسعره ولكن يوجد افضل بسعر اعلى,,R146LEZN18RZUC,
,20 May 2025,,الضغط فيه ممتاز، لكن تمنيت ان ان الرذاذ يكون ورأس الدش مائل ، لان وضعيات اندفاع الماء لازم تحرك رأس الدش,,R6X2VFILK7WL1,
,4 July 2025,,ممتاز يوجد فرق كبير جودة ماء ونفس الوصف,,RYW5H1B6GFBC1,
,16 September 2025,ممتاز,ادائه ممتاز,5.0,R1MVB1B9CCPO9S,
,23 September 2025,منتج سيئ جدا وبيشر ميه من كل حته,لا انصح بالشراء بايظ وبيشر من كل حته ومفيش معاه اي حاجه خلاط فقط باااايظ من اول ماركب,1.0,R3CC4HFO741NAS,
,26 January 2025,مريم,خامة كويسة انصح بالشراء,5.0,RB68Y2RVALHDR,
,28 July 2025,المنتج ناقص مسطرة الدش,تم تسليم المنتج ناقص مسطرة الدش,2.0,R2FBO0API8ZK7O,منتج_غير_مكتمل
,31 July 2025,الماسورة بتاعت الشاور قصيرة مفيش وصلة,الماسورة قصيرة مفيش وصلة تطولها,3.0,RZL2Q8J5QKRLZ,
,11 July 2025,بيجي معاه سماعه دش ولا خلاط بس,بيجي معاه سماعه دش ولا خلاط بس؟,4.0,R3VNJOOG56MJG7,
,25 January 2025,عدي,خامة ممتازة وسعر مناسب,5.0,R2E784Q6NXUP46,
,26 November 2025,ممتازه,ممتازه بتقلل الترسبات في المياه بشكل كبير جدابس السعر غالي شويه,5.0,R1IY138ZK3H1BF,السعر
,14 November 2025,الجودة والسعر شكرا امازون,جيدة والسعر رائع شكراً امازون,5.0,R9NIJ18A7LTL6,
,9 October 2025,غير مطابق للوصف,المنتج غير مطابق حيث أن بياناته 8سرعات قابل للتعديل،وهو في الحقيقه 4سرعات😔,1.0,R3BSF93PCFZXKI,
,8 October 2025,منتج جيد جدا جدا,منتج جديد جداو التوصيل السريع و اسعار مميزه,5.0,RZ4IMWZ05BDV3,
,19 February 2025,ممتاز,جيد يستاهل,5.0,R151GTCRO2ONQ3,
,6 October 2025,ممتاز,سهل التركيب وممتاز,4.0,R191MMETDK3WIS,
,7 August 2025,ليس مصمم لمصر,محتاج regulator,3.0,R3GLK1BZUM3KUJ,
,9 September 2025,أنه لا يفلتر الماء ينزل كما هو,مضروب سبب لى تساقط الشعر بغزاره ولا يفلتر,1.0,RNIQWXOM1BEEQ,
,17 February 2025,,"Amando o chuveiro!!! Melhor Aquisição ♡ Maravilhoso e super fácil de instalar sozinho,  além de bonito a potência da água é incrível, bem forte! Uma delícia de banho... A pele e o cabelo agradecem ☆☆☆☆☆",,R109UCALRA3PI7,
,16 September 2025,,افضل مروش دش استخدمته وانصح فيه جدا. ووضعية الرذاذ تبرد الماء الحار بالصيف. منتج ممتاز ماشاءالله,,R32S4A9HV4QOMO,
,17 August 2025,المنتج صناعته و خدمته ممتازه و طريقة  ضبطه سهله جدا,المنتج جيد جدا,5.0,R8XSX2I4EI7YY,
,16 September 2025,ممتاز,ادائه ممتاز,5.0,R1MVB1B9CCPO9S,
,23 September 2025,منتج سيئ جدا وبيشر ميه من كل حته,لا انصح بالشراء بايظ وبيشر من كل حته ومفيش معاه اي حاجه خلاط فقط باااايظ من اول ماركب,1.0,R3CC4HFO741NAS,
,26 January 2025,مريم,خامة كويسة انصح بالشراء,5.0,RB68Y2RVALHDR,
,28 July 2025,المنتج ناقص مسطرة الدش,تم تسليم المنتج ناقص مسطرة الدش,2.0,R2FBO0API8ZK7O,منتج_غير_مكتمل
,31 July 2025,الماسورة بتاعت الشاور قصيرة مفيش وصلة,الماسورة قصيرة مفيش وصلة تطولها,3.0,RZL2Q8J5QKRLZ,
,11 July 2025,بيجي معاه سماعه دش ولا خلاط بس,بيجي معاه سماعه دش ولا خلاط بس؟,4.0,R3VNJOOG56MJG7,
,25 January 2025,عدي,خامة ممتازة وسعر مناسب,5.0,R2E784Q6NXUP46,
,28 January 2024,غير مطابق المذكور فى الاعلان,وصلنى ماركة مختلفة وبشكل دائرى و ليس مربع كماهو فى الصورة والوصف,1.0,R1FELDLC3JP05D,
,15 May 2024,غير الوصف تماما,منتج سيىء,1.0,R310GWMKYQA9II,
,14 April 2024,,جوده في التصنيع,,R29J1PEV7MLI9C,
,11 December 2025,أنصح بالشراء,"منتج جيد
Read more",5.0,RMTLMFLNNWF1M,
,4 November 2025,ممتاز,ممتاز,5.0,R2EUWTN468HLQJ,
,27 August 2025,خرطوم دش بانيو,ممتاز وخامة رائعة وأنصح به جدا,5.0,R6CQUZNY6CC8U,
,12 February 2025,الجودة,تم تسليم المر تجع للمندوب اليوم الاربعاء ١٢فبراير ٢٠٢٥ ولم استخدمه لانه لم يتناسب مع المقاسات للحمام او الحوض,3.0,R1893TGL0T799U,
,7 November 2024,اصلي,جميل جدا وخامه ممتازة جدا وعملي,5.0,R1HE373UMZMABM,
,13 September 2024,منتج جيدا,كويس جدا,5.0,R38FW3X9BZAUVC,
,22 August 2024,وصلنى منتج غير المطلوب ولكنه تحت التجربة,وصلنى وصلة شطاف تواليت، وليس وصلة دش، وأيضاً بدون فلتر الماء المصاحب له كما فى صورة العرض المرفقة على أمازون،، ولكنه قبلت أن يكون تحت التجربة لفترة، ربما الفرق لن يكون كبيراً,3.0,R36IR2PLINZB3S,
,10 March 2025,لا تثق بالصورة,الصورة لا تتوافق مع الواقع,2.0,RVQSVJPV3LUWM,
,5 February 2023,,"Queda perfecto y es lo que esperaba de este producto, muy fácil de colocar y su apariencia en color gris queda muy bien en el termostático de la ducha. el conector que lo hace con el cabezal de la ducha es giratorio y así se evita que quede retorcido. LLegó antes de la fecha consignada. Totalmente recomendable.",,R1723GQ9BB8GNM,
,19 June 2025,,Hortum işte kanka iyi,,R74UN3O471OA1,
,18 November 2025,منتج سئ جدا,اسوء من ما كنت اتخيل خفيف جدا و خامه ضعيفة ووصلنى مكسور اصلا,1.0,RXGC87QFJ1KKL,جودة_المنتج عيوب_تصنيع
,18 August 2025,خامة ضغيفة,الخامة ضعيفة جدا وبدون خرطوم كما هو موضح بالصورة,1.0,R25EWHPD2WE1LT,جودة_المنتج
,10 August 2025,المنتج في الصورة في الخرطوم  أستلمت راس دوش بس,من غير وصله,1.0,R2PLS6YVZAJSCD,
,3 October 2025,لا انصح بشراءة بائع غير امين,بائع غير امين جالى دوش بس من غير خرطوممع ان سعره غالى ١٠٠ج عن البائعين ع اساس هيجي بالخرطوم,1.0,R1Y37ZP0NOKD8P,
,20 September 2025,هو المطلوب,طول ممتاز ومناسب جدا وشيك وتغليف كويس جدا,5.0,RW0SPRJ2A189O,
,6 May 2025,خامه اقل من الرديئه,خامه رديئه ولا تستاهل سعرها خالص متساويش حتى ٥٠٠ وبندم ان جبتها والبائع بيقول مستورده وهى تحت بير السلم مش محصله حتى صينى حسبي الله,1.0,R2F0LXD5PNJ50U,
,17 November 2025,كويسه,كويسه بالنسبه لسعرها,3.0,R3CTGXQ9TLGMPV,
,12 January 2025,فاطمة,هاند جميل ان صح بالشراء,5.0,R2J50PWOZZE2MB,
,20 October 2025,ناقص مسامير,ممتاز وخامه كويسه جدأ بس جالي من ناقص مسامير,4.0,R37BA80KTKQVOB,منتج_غير_مكتمل
,9 September 2025,الكرتونه مدمرة,الكرتونه مدمرة,2.0,R2MG582A7BFR10,
,22 December 2024,غش من البائع,منتج عادي جدا ولا يستاهل المبلغ.ولولا انه ركب بالفعل كنت رجعته,1.0,REEE0E2CKKRWM,
,13 June 2025,,Goede dienstverleningsplicht tijd geleverd en zonder schade,,R1DPR26AGM0FBL,
,13 August 2025,,Buon prodotto,,R2D7BCUPUDLQOQ,
,20 July 2025,,Económico y bueno,,R2GDK9EALGI8SM,
,10 August 2024,,"Die Haltegriffe sehen gut verarbeitet aus und werden mit allen benötigten Dübeln und Schrauben geliefert. und ich tausche sie gegen ältere ein, die nur Saugnäpfe haben (habe denen nie so richtig getraut).Die Griffe sind zwar nur 30 cm kurz, aber das reicht mir völlig (zumal ich am anderen Ende der Wanne einen längere Stange habe).",,RO6OTY3Z9CI0A,
,9 January 2025,خامه في منتي السوء,غير مطابق للصور خامه حقيره جدا عباره عن مشمع تكلفته لا تتعدي ال ٥٠ جنيه غير مطابق اطلاقا للصور ولا شكل ولا خامه,1.0,R1HO3GNXBU3V85,
,2 February 2025,جودة رديئة وسعر مرتفع,"منتج رديئ جدا جدا , مجرد قطعة من البلاستيك الرديئ بهذا السعر المرتفع",1.0,R3IJ6SMDLCMJMJ,
,19 March 2025,الخامه والطول,خامه جيده وألوان جميله سهله التركيب ولكن بالشبه للطول وده اهم شيء كان لازم تكون اطول أو يكتبالطول,5.0,R35N7RHA75JUUU,
,28 July 2024,الخامه خفيفة جدا,شكلها حلو جدا بس ضعيفة جدا,3.0,RHJYV456XIQFB,جودة_المنتج
,16 September 2024,خامه وحشه,للاسف مش حلوه خالص وخفيفه جدا خامه وحشه اوى يومين وانقطعت,1.0,R2XIL0OXO0Q8F5,جودة_المنتج
,25 January 2025,خفيف,كشكل حلوة ولاكن خفيفة جدا جدا جدا جدا,2.0,R4EHKYIQOAODX,
,23 March 2024,المنتج أخف من أكياس البلاستك,المادة المصنع منها المنتج خفيفة جداً، أخف حتي من سمك أكياس السوبر ماركتلا ينصح أبداً بشراء هذا المنتج,1.0,R3OJUU4XUELJLI,
,20 September 2025,لا انصع بشراءه,ضعيف جدا ومش معدن ووصل من غير المسامير ولا باقي القطع وطوله قصير جداً مش بيوصل للحيطة عشان يتعلق,1.0,R3OALFBEQWY36X,جودة_المنتج
,22 February 2025,جيد,خامه ممتازه,5.0,R2WEHT0LY97LBE,
,7 August 2025,كما الوصف,مكملش ٣ شهور استخدام و بيسرب و غيرناه,3.0,R27HBDJF9ITCVH,عيوب_تصنيع
,8 January 2025,منتج محترم وتاجر امين,منتج محترم وتاجر امين,4.0,R13QKOAWWVKZMJ,
,30 April 2025,سيىء,سيء و بينقط مياه,1.0,R1FT53WZA0G3TE,
,21 May 2024,,جودة المنتج عاليه,,R2D2APVRE5UP22,
,2 October 2025,ممتاذة,صناعة ممتازة متقنه و مفيدة للغابة.,5.0,R1KMR26VNO5TM,
,12 November 2024,سيء جدا (3/10),منتج سيء جدا مخالف بشكل تام للمواصفات المكتوبة,1.0,R1S0NE29SQMLA,
,16 November 2024,مطابق لتوقعي,كما تخيلته بالظبط، من واقع الصور.خامة هايلة، وتقفيل فاخر، وعملية.,5.0,R1VIPGP1D1MH4P,
,12 November 2025,,Praktisk med många fackNE,,R37KKBC548THQE,
,21 December 2024,,Het is een toilettas die compact is en overzichtelijk. Je hoeft dus niet alles uit je tas te halen. En het ophangsysteem is handig.,,RZRMKPV8ARI1I,
,4 October 2025,اختراع حلو و حل لمشكلة التسريب,ممتاز كما بالوصف و زر اغلاق المياه حل مشكلة خاصه بتسريب المياه,5.0,R18XMIK46KVFJ7,عيوب_تصنيع
,10 October 2025,تصميم سئ,تصميم سئ و حجم كبير يضعف ضغط المياهمصنوع من البلاستيك,2.0,R5QUFVG9N6KPC,
,1 September 2024,,"Gute Handbrause Dusche LED mit Farbwechsel, praktisch und leicht zum halten !!!",,R16QXNVG7JDGI0,
,16 September 2024,,Getto un po' debole ma bellissima,,R2ECRWXZ634WOY,
,3 June 2024,,Die funktioniert einbanfrei uns wechselt die farben aber wenn das wasser durchkommt mach Geräusche und dann musste sie in der badenahme tun das wird sie jaum benutzt,,R29MM39X7HEPS2,
,8 September 2024,ممتاز جدا ونحاس,شكله شيك,5.0,R50YAYX6JZHRF,
,4 December 2024,قطعه مفيده,منتج رائع,5.0,R3UJ1H1GM8B6ES,
,20 November 2024,ياسمين صفوت,"منتج ممتاز انصح بشرائه
Read more",5.0,R1WT5GZLH0FLHR,
,23 November 2024,منتج رائع,المنتج رائع جدا وسهل الاستخدام,5.0,R1Y9V2P1X0K9TZ,
,21 August 2024,Very good,جميل جدا,5.0,R33XDLH5G7IC7X,
,26 August 2024,منتج رائع,منتج جميل و منتج غير قابل للصدا و اما عن تغليف رائع,5.0,R3F9R213XWBXIJ,
,15 April 2025,ممتازة جميلة جداً,يخرج منها الماء متدفق مع رزاز حلو وممتع,5.0,R2619DP9DTU7CN,
,31 March 2024,خفيفة جدا,خفيفة جدا كأنها ورقة وبتتقطع من اللمس,1.0,R47WAYPP9P0DL,
,8 July 2024,خامه خفيفة ولكن تفي بالغرض,الخامه خفيفه جدا وضعيفه بس تفي بالغرض لو مفيش اطفال يشدوها جامدالالوان حلوة وناصعهيعني بشكل عام منتج متوسط مقبول,3.0,R1G95SW38UJB7H,جودة_المنتج
,21 April 2024,لا انصح به,خفيفه جدًا وقصيره,1.0,RBEQ3RZNIPFCD,
,26 February 2024,غير مطابق للمواصفات,منتج ردئ..  كيس بلاستك,1.0,R2P38SCHAMFAWE,
,8 March 2024,ليه قطعه زي دي تبقي بالسعر ده,مفيش عاقل يشتري قطعه دش بالسعر ده ده اسمه بذخ واسراف,1.0,R1C0IO4BO3Y1AK,
,18 September 2024,سعر مبالغ فيه,كنت داخل اشوف سعر بحسب 100 ولا 200 عقبال ما اجيب دش كامل 😂😂😂,1.0,RZ6SB509TXHGY,
,29 January 2024,,"Para la regadera de mi baño, la uso después de el sistema de filtro en línea, es muy recomendable para evitar adherencias de sarro",,R341BMPTUTXPY0,
,28 September 2025,مفيده للمرايا,تحفه جدا وعمليه اوي متخيلتش  تكون حلوة كدا  وجاتلى قطعتين كنت فكراها قطعه,5.0,R31S0ZM60SU23X,
,2 November 2025,قطعة السيليكون صلبة الى حد كبير فتجعل التنظيف صعب,توقعت بعد ما قريت الريفيوهات هنا عن المنتج انه حلو اوي ومش هيتعبني في تنظيف زجاج العربية لقيته اقل من المتوقع بكتير بصراحة منصحش حد يجيبه,2.0,R2MTSZOERE9O4R,
,4 November 2025,جيد,جيد,3.0,RRNW1B1L4G79K,
,25 September 2023,كويسة,منتج كويس بيمنح الحشرات و الريحة، لكن السوستة شديدة قوي مش بتفتح تلقائي مع ثقل الماء وقت التنظيف .. بضطر اشيلها كلها عشان اعرف امسح المية ..,4.0,R1743ITX75I6Q2,
,19 August 2025,ممتازه,قامت بمنع الرائحه,5.0,R2G9MW1WWZNNQY,
,15 December 2024,خامته خفيفه,سعره غالي بالنسبة لخامتة,1.0,RGCLNBRL0V3P9,السعر
,14 June 2025,افضل منتج,يعتبر افضل منتج اشتريته في من امازون حتى الان لان هو عملي جدا وسعره يعتبر مجانا مقابل الخدمه اللي بيوفرها وفعلا اشتريت منتجات تانيه شبيهه ليه ولكن ما كانتش بنفس الجوده العمليه,5.0,R10YBVCN0U7FM0,
,22 October 2025,خامه ضعيفه,جوده ضعيفه,3.0,R2TKZFEKBK8D3G,جودة_المنتج
,22 August 2025,ممتاز,اسطوري وسهل التركيب,4.0,R1IK3RO3EHT29,
,15 March 2025,غير مطابق لمواصفات الأمان لكبار السن والمعوقين,منتج خشبي  رديئ الصنع مدهون لاستعمال الحمام،  غير مؤمن طبياً كما هو معلن لاستعمال كبار السن والمعوقين لايستحق أبدا ثلاثه آلاف جنيه مصري بالاضافه الي سعر الشحن  … مضطره لاعادته للشركه المنتجه لعدم توافر الجوده ومواصفات الأمان,1.0,R1E4OXG3ZCD03G,
,30 June 2025,,Los acabados en níquel se ven modernos y de buena calidad. Le dieron un toque elegante al baño y se sienten resistentes. Muy satisfecho con la compra.,,R3SILVPC2SBRC2,
,8 September 2025,ممتاز,حجم مناسب وخامه ممتازه,5.0,R2UE4EJXV3VE96,
,10 October 2024,,muy buen producto,,R1SNQBHM0BZ38B,
,12 March 2023,,"Prodotto conforme alla descrizione, ben fatto e rifino, facile il montaggio e comoda la guarnizione che consente di regolare l’inclinazione dell’anello.",,R1EXVA19MP1DKR,
,8 December 2021,,Gute Qualität,,R2Y51UR6O39ZND,
,12 June 2023,,Se détache tout le temps,,R3U7F9DSGSHCXX,
,20 March 2025,,Très joli une fois posé je ne suis pas déçueLe rendu est vraiment bien,,RMEFTV6737CQF,
,29 October 2025,,ممتاز,,R1XXJSEQGU73TN,
,9 September 2024,خامه كويسه,سهل التركيب ومتين,4.0,R3MHNB66M3KSXY,
,13 April 2025,شغالة,مريحة ليا في المطبخ بس ناشفة شوية و قصيرة مش طويلة,4.0,RFPV9S4LP4NCS,
,2 May 2024,الخامة,رديئة,1.0,R2DVDZLYLAPGNB,
,12 November 2025,جميلة,جميلة,5.0,R2LQ3QGX7DAH84,
,30 September 2025,رائع,جميل وزي الصورة بالظبط والكوالتي حلوة وسعره مناسب جدا,4.0,R2LR3WRPF9E2CP,
,5 August 2025,شكرا جزيلا,تمام,5.0,R3L0ML7G9RLSMR,
,22 May 2025,المنتج لم يصلنا ولم يتم استلامه,لم يصل المنتج ولم يتم استلامه,1.0,R3101VF8OUHJ44,
,20 June 2025,جيد وشكله شيك,منتج جيد جدا . سهل التعبئة . شكله شيك جدا,5.0,R2PSELIPNRSUB,
,22 December 2024,موزع صابون ستانلس.. كما الوصف بالظبط. جميل جدا .. حجم وخامه,أحببته جدا ... كما الوصف بالظبط..,5.0,R5S63I7TCCG3R,
,23 November 2025,متوسطه,جودتها كويسه بس توزيعها قليل,3.0,R1KPUQBE1FM8WX,
,13 August 2024,,"Estoy realmente impresionada con el banco de ducha de bambú de Domax. Su diseño es no solo hermoso, sino también funcional, añadiendo un toque de elegancia natural a mi baño. La madera de bambú tiene un acabado impecable y se siente muy sólida y bien construida.El banco es de 12 pulgadas, lo que lo hace perfecto para espacios más pequeños sin comprometer su utilidad. Me encanta su característica antideslizante e impermeable, que proporciona seguridad y comodidad, especialmente en un ambiente húmedo como la ducha.Además de su funcionalidad, este banco es una pieza versátil que también se puede utilizar como asiento auxiliar o mesa decorativa en otras áreas del hogar. Su resistencia y diseño lo convierten en una excelente adición a cualquier espacio, y el hecho de que esté hecho de bambú lo hace una opción ecológica que aprecio mucho.Recomiendo encarecidamente este banco de ducha de Domax a cualquiera que busque combinar estilo y practicidad en su baño. Es un producto que eleva la experiencia de la ducha a un nivel superior.",,R3QIZGBRC88P1F,
,26 January 2025,مريم,خامة كويسة انصح بالشراء,5.0,RQ4CZCDSZVNR4,
,25 January 2025,عدي,خامة ممتازة وسعر مناسب,5.0,R2PUT6X7KLXG8D,
,28 October 2025,للأسف سيئة جداً ومش بتنزل صابون,سيئة جدا جدا ومش بتنزل صابون,1.0,R1YN6XINXX8SA,
,30 December 2024,بطه,منتج جيد ان صح بالشراء,5.0,R2XSB3HRJBFJCS,
,7 August 2025,خفيفه,"منتج خفيف
Read more",3.0,R38XNPD49RJFXO,
,30 December 2024,قدري,منتج ممتاز انصح بالشراء,5.0,R26ZEXHHNU2D0A,
,28 December 2024,عبدالرحمن,"منتج ممتاز انصح بشرائه
Read more",5.0,R34VJ0P7FXUQ4Z,
,4 January 2025,رضوي,خامة جيدا,5.0,R2B7ED2IID2ZPG,
,18 March 2025,ممتاذ,"شكرًا لكم على الجودة الرائعة والخدمة المميزة. سعيد بالتعامل معكم!""",5.0,R292UX680OELG4,
,11 October 2025,المنتج فعلاً يستحق التقييم العالي 🌟,المنتج فعلاً يستحق التقييم العالي 🌟,5.0,R1F79JJ3C3QA71,
,7 March 2025,منتج رائع,منتج عملي جدا ورائع,5.0,R2U2ZHBS4OH5XL,
,14 January 2025,منتج ممتاز,شكرا لكم رائع,5.0,RMV0F98S6HNT4,
,16 October 2024,محبيتهاش,في خيارات احسن بكتير,2.0,R1XH1KVRSNP65Z,
,9 March 2021,,"Je aime beaucoup , ce parfait et pas cher , de bon matériel",,R2F2YAMH78W329,
,27 March 2021,,prodotto e consegna rispetta descrizione. io l'ho appeso alla parete piastrellata della doccia e lo uso per lavare la schiena da sola,,R3EMGITPDPJJ38,
,29 December 2020,,Ottimo ed utile è  questo progetto,,R1NFXSMA6AGIIX,
,16 February 2023,,Le produit est stable et de bonne qualité. Correspond à mes attentes,,R1V0OCE3W6D3N7,
,7 September 2023,,Der Handtuchständer ist gut und präsentiert sich schön.,,R3SQ49S9742DR6,
,25 February 2023,,"Vor allem die Farbe gefällt mit eigentlich überhaupt nicht, aber alle anderen freistehenden Handtuchhalter auf dem Markt sind fragile Wackelgestelle, die schnell kaputt gehen. Dieser Handtuchhalter ist wenigstens hochwertig verarbeitet und verspricht länger zu halten als der vorherige.",,RCRF7WDCGUKVO,
ابراهيم ❤️❤️ ح.,"أكتوبر 31, 2024",جميل,جاري الاستخدام,5.0,,
اميره م.,"سبتمبر 9, 2025",حلو اووووووي,كبير و بيغطي العين كلها و حلو بصراحه ممتاز متوقعتهوش كدا,5.0,,
Mohamed A.,"سبتمبر 21, 2024",جودة متوسطة,لاء يتناسب للتعليق علي جميع  الابواب,3.0,,
Anonymous,"أكتوبر 27, 2023",زى الصوره,الباب مابيقفلش لما الشماعه بتركب,3.0,,
مسعد م.,"يونيو 2, 2024",مقاس الجزء العلوي اقل من سمك الباب قليلا,مقاس الجزء العلوي اقل من سمك الباب قليلا,2.0,,
عبدالله ا.,"أكتوبر 4, 2023",ممتاز,فك ازمه,5.0,,
Hanan H.,"فبراير 28, 2023",ممتازة,ممتازه,5.0,,
Anonymous,"فبراير 16, 2023",مصفاه,جيده ..نوعا ما ولاكن صغيره جدا على الحوض,1.0,,
Amal A.,"نوفمبر 27, 2022",المقاس,مقاسها مناسب جدا  وجودتها رائعه,5.0,,
Haifa A.,"يونيو 11, 2023",مناسبه,مناسبه للحوض الغسيل,5.0,,
حامد ا.,"سبتمبر 3, 2023",الجودة والفائدة عالية,جيد ومفيد وسعره مناسب,4.0,,
محمد س.,"يوليو 29, 2025",حجم المصفاة كبير جدا,"الصورة غير حقيقة في ابعاد  
المصفاه في الواقع حجمها كبيرة جداً ، كنت اريد.ارجاع المنتج ولكن رحت عند بتاع ورشة قص
 ...المزيد",2.0,,
ايمان ح.,"أغسطس 7, 2024",احيانا بيجي المبشرة مقاس غير الحلة,كلها حلوة وعملية بس خروم المصفاة متباعدة مبتصفيش المية بسهولة اثناء غسيل الرز,4.0,,
نبيل ع.,"أغسطس 2, 2024",كويسه,كما بالوصف,5.0,,
Rana E.,"ديسمبر 16, 2025",حلو اوي,تحفه و مقاسه كبييير,5.0,,
كريمه س.,"يناير 10, 2024",خامه ممتازة وثقيله,تؤدى  الغرض,5.0,,
Ghadah A.,"مارس 28, 2024",ممتاز,نفس الوصف ممتاز استخدمته و غسلته في غسالة المواعين ما تأثر.,5.0,,
Gasmien A.,"مارس 10, 2023",ههه الصدمه,بصراحه فضلت اضحك حبه حلوين وكانت اول شي افتتح بيه طلعت اصغررر مما اتخيل بس مناسبه,3.0,,
Anonymous,"أغسطس 23, 2023",عادي,"السلسله انكسرت اول ما طلعتها من العلبه 
جودتها مناسبه لسعرها",2.0,,
ام مريم ك.,"فبراير 18, 2023",ممتازه,كما في الصوره خامتها ممتازه استنلس,5.0,,
Anonymous,"يوليو 22, 2025",الاطوال لا تتوافق مع المنتج,اشتريته حسب الحجم في العرض طلع صغير جدا والاطوال غير صحيحه,1.0,,
Anonymous,"أكتوبر 29, 2023",سيء,صغير جدًا ولا يستحق الشراء,1.0,,
Marina H.,"مارس 31, 2025",Helw,Helw,5.0,,
Somia A.,"سبتمبر 2, 2023",ممتاز,ممتاز,5.0,,
Nourhan E.,"أغسطس 21, 2022",,الخامه ممتازه جدا جدا,5.0,,
Anonymous,"أبريل 26, 2024",جميلة,جميلة,5.0,,
Nourina A.,"أكتوبر 26, 2025",حلوة اوي,كما بالوصف,5.0,,
Anonymous,"نوفمبر 22, 2022",رديئة,غير جيد,1.0,,
Anonymous,"مايو 14, 2024",الجودة,"الجودة وسط ونوع المعدن المصنوع منه خفيف (مو حديد صلب) يعني ممكن المعدن ينعفط وينكسر لو تعرض لضربة قوية نوعا ما..
 ...المزيد",3.0,,
Anonymous,"مارس 6, 2024",تبديل المنتج كبير جدا,ممتاز,5.0,,
Anonymous,"مارس 24, 2024",جودة المنتج رديئة جداً,جودة المنتج رديئة جداً,1.0,,
Hanan M.,"يونيو 21, 2023",كويسه,الحجم كويس كبير زى الصوره استانلس اصلى بالمغناطيس بس الحامل مش استانلس ممكن يصدي خالو بالكم..بس فى المجمل عجبنى المنتج انصح بشرائه,3.0,,
Salwa R.,"أبريل 4, 2022",,جميلة,4.0,,
Manal G.,"يوليو 24, 2023",نعم,شيك وخامته كويسه شكرا نون,5.0,,
Anonymous,"نوفمبر 19, 2025",المنتج تحفه والماتريال اللهم بارك تحفه,المنتج اللهم بارك اجمل من الوصف,5.0,,
Anonymous,"مارس 27, 2025",هي جميله بس ياريت قبل ما تشتروا تتاكدوا من المقاس عشان عندي جات كبيره,هي جميله كنت اتمنا تيجي في الحوض عندي,5.0,,
هناء ا.,"ديسمبر 2, 2024",جميله جدا,والخامه استيل نضيف,5.0,,
Aya M.,"يونيو 12, 2025",مفيدة,جميلة الصراحه,5.0,,
Eman E.,"سبتمبر 1, 2025",حلوه,خفيفه وكبيره وبتاخد اكتر من صنف وحروفها ناعمه مش حاده تجرح اليد,4.0,,
Anonymous,"سبتمبر 23, 2025",المقاس حلو اوى,المقاس حلو وبيشيل فعلا حاجات كتير كنت خايفه تيجى صغيره بس لا مقاسها حلو وكبير والكوالتى حلوه اوووى,5.0,,
Anonymous,"ديسمبر 9, 2024",حلوة,كبيرة وعملية عجبتنى انصح بشرائها,5.0,,
Anonymous,"فبراير 27, 2024",حلوه,بس توقعتها أكبر,5.0,,
Naglaa A.,"مارس 13, 2025",شوك,الشوك كبيره ومتنينه وماتيريل جيداًجداً,5.0,,
,26 July 2025,ممتازة رائع خامة معقولة بالنسبة للسعر,خلاط رائع تقيل,5.0,RGDAHIJ96UFS2,
,24 July 2025,سيء,منتج سيء بكل ما تحتويه الكلمة من معنيالخلاط نفسه مخروم الغريب لماذا لا يتم اختبار المنتج قبل بيعه لا حول ولا قوة إلا بالله,1.0,R1OZNWYVX8RDGX,
,29 July 2025,ممتاز,ممتاز جدا وخامة جيدة جدا,5.0,R1RCXQK6PEGEQA,
,7 August 2025,خامه اى كلام,منتج اى كلام منصحش حد يشتريهالتاجر غير امين بالمرهخامات ضعيفه .. والحفر على الطقم كل قطعه بإسم مختلف,2.0,R3EME9MVIIJGJ2,جودة_المنتج
,28 July 2025,مدينه الياسمين دهشور حدائق اكتوبر,مش احسن حاجة,2.0,R2P23SVCMINHJO,
,14 May 2025,يستاهل الشراء,منتج كويس جدا وقوى,5.0,R3J2GK1NGPDYAK,
,25 January 2025,يونس,منتج جيد جدا انصح بالشراء,5.0,RCOTSQ8UHLNZJ,
,26 January 2025,مريم,خامة كويسة انصح بالشراء,5.0,R1BTHYZPKO9F0G,
,25 January 2025,عدي,خامة ممتازة وسعر مناسب,5.0,R4FS9H00RQSC3,
,26 January 2025,هدير,منتجات البائع ده ممتازة انصح بالشراء,5.0,R1GDRMZ3I8TJ79,
,29 November 2025,انصح به,شكله رائع,5.0,R23SJWEAAEWTMJ,
,15 May 2025,العيب الوحيد ان المتنج في بلاستيك كثير,كل حاجه تمام,4.0,R3IQ4G9YJ86U3S,
,8 November 2025,لا يصلح للاستخدام,وصل حاجته ناقصة وفيه مشكلة في التصنيع,1.0,R2OZ12UQL1HHA0,منتج_غير_مكتمل
,27 May 2025,ضعيف مع العمر الافتراضي,للأسف هو ضغك المياه فيه قل كتير جدا من الاستخدام وهو ماقعدش اكتر من ٣ شهور وجيبت حد قال انه عايز يتغير,2.0,R18FA5H8EM3HO,
,28 January 2025,فاق توقعاتي,المنتج جيد وشيك ارتفاعه مناسب للأحواض الغاطسهيعمل حتي الان بكفائه ممتازه,5.0,R29HRD4BJ2E0YM,
,12 January 2025,بشاير,منتج خامة محترمة وكل المنتجات اللي قمت بشرائها من هنا كويسة شكرا,5.0,RSJUMK8MJ0ZHM,
,25 May 2025,للاسف باظ بعد شهر استخدام مش بيخرج ميه سخنه بارد فقط,للاسف باظ بعد شهر استخدام مش بيخرج ميه سخنه بارد فقط,2.0,R39XLDD6UM6775,
,29 November 2025,انصح به,شكله رائع,5.0,R23SJWEAAEWTMJ,
,15 May 2025,العيب الوحيد ان المتنج في بلاستيك كثير,كل حاجه تمام,4.0,R3IQ4G9YJ86U3S,
,8 November 2025,لا يصلح للاستخدام,وصل حاجته ناقصة وفيه مشكلة في التصنيع,1.0,R2OZ12UQL1HHA0,منتج_غير_مكتمل
,27 May 2025,ضعيف مع العمر الافتراضي,للأسف هو ضغك المياه فيه قل كتير جدا من الاستخدام وهو ماقعدش اكتر من ٣ شهور وجيبت حد قال انه عايز يتغير,2.0,R18FA5H8EM3HO,
,28 January 2025,فاق توقعاتي,المنتج جيد وشيك ارتفاعه مناسب للأحواض الغاطسهيعمل حتي الان بكفائه ممتازه,5.0,R29HRD4BJ2E0YM,
,12 January 2025,بشاير,منتج خامة محترمة وكل المنتجات اللي قمت بشرائها من هنا كويسة شكرا,5.0,RSJUMK8MJ0ZHM,
,25 May 2025,للاسف باظ بعد شهر استخدام مش بيخرج ميه سخنه بارد فقط,للاسف باظ بعد شهر استخدام مش بيخرج ميه سخنه بارد فقط,2.0,R39XLDD6UM6775,
,3 December 2024,جيد ولكن,خلاط البانيو جديد وخلاط الحمام جديد ولكن خلاط المطبخ على الحائط اليد ملخلخه ومحطوط في كرتونه مش بتاعته مقفول بالعافيه كنت اتمنى الطلب حسب الصوره وعيب تبعت ٢ خلاط كويسين وخلاط به عيوب انا غير مبسوط من إجمالي الطلب,3.0,R2AQORK5272IGR,
,17 December 2024,انصح بشراء المنتج,منتج جميل وعملي وسهل الاستخدام,5.0,R122A4KUWN4L7M,
,2 September 2025,حسام,كويسة,2.0,R3V00SFEZ866XM,
,22 November 2024,مريم,"منتج ممتاز انصح بشرائه
Read more",5.0,R1400B655YO510,
,7 October 2024,لون مميز,سهلة الحركة,5.0,R1DQZMMCJUHZE,
,18 October 2024,ممتازة,خامة جيدة و سلسة,5.0,R3MXMPUIFVKI2L,
,15 November 2024,هاني,بائع محترم انصح بالشراء منه,5.0,RCRZ1GUCBRN9E,
,29 October 2024,يونس,منتج محترم انصح بشرائه,5.0,RG3UONCZ03GZQ,
,29 July 2025,ممتاز,ممتاز جدا وخامة جيدة جدا,5.0,R1RCXQK6PEGEQA,
,7 August 2025,خامه اى كلام,منتج اى كلام منصحش حد يشتريهالتاجر غير امين بالمرهخامات ضعيفه .. والحفر على الطقم كل قطعه بإسم مختلف,2.0,R3EME9MVIIJGJ2,جودة_المنتج
,28 July 2025,مدينه الياسمين دهشور حدائق اكتوبر,مش احسن حاجة,2.0,R2P23SVCMINHJO,
,14 May 2025,يستاهل الشراء,منتج كويس جدا وقوى,5.0,R3J2GK1NGPDYAK,
,25 January 2025,يونس,منتج جيد جدا انصح بالشراء,5.0,RCOTSQ8UHLNZJ,
,26 January 2025,مريم,خامة كويسة انصح بالشراء,5.0,R1BTHYZPKO9F0G,
,25 January 2025,عدي,خامة ممتازة وسعر مناسب,5.0,R4FS9H00RQSC3,
,26 January 2025,هدير,منتجات البائع ده ممتازة انصح بالشراء,5.0,R1GDRMZ3I8TJ79,
,22 November 2024,,"Perfecto, queda muy bonito y se ve de muy buena calidad, lo tengo colocado hace meses y genial, pensaba que iba a ser mas sucio al ser negro, pero no.",,R34DQQTHVXS7WX,
,5 December 2023,,Es preciosa!!,,R13CXLA244FPX6,
,4 September 2023,,Grifo de acero negro.De tamaño es alto y el caudal de agua es tipo fuente.Queda bien en cualquier lavabo y es muy original.,,R2PQBXZ41NKM51,
,10 August 2023,,"Grifo bonito y moderno.Tipo cascada, negro mate. La verdad es que queda muy bonito y vistoso. Llama la atención.Para tener este diseño, que es un poco especial, está bien de precio.Viene bien presentado y precintado, lo que te garantiza que no ha sido manipulado con antelación.El monomando funciona correctamente.Por su diseño hay que prestar atención especial a la limpieza de la zona superior, una vez abierto el mando, pero resulta muy fácil al ser de líneas limpias.Por ahora está dando un buen resultado.",,R2W1H7O813PPHG,
,3 December 2024,جيد ولكن,خلاط البانيو جديد وخلاط الحمام جديد ولكن خلاط المطبخ على الحائط اليد ملخلخه ومحطوط في كرتونه مش بتاعته مقفول بالعافيه كنت اتمنى الطلب حسب الصوره وعيب تبعت ٢ خلاط كويسين وخلاط به عيوب انا غير مبسوط من إجمالي الطلب,3.0,R2AQORK5272IGR,
,17 December 2024,انصح بشراء المنتج,منتج جميل وعملي وسهل الاستخدام,5.0,R122A4KUWN4L7M,
,2 September 2025,حسام,كويسة,2.0,R3V00SFEZ866XM,
,22 November 2024,مريم,"منتج ممتاز انصح بشرائه
Read more",5.0,R1400B655YO510,
,7 October 2024,لون مميز,سهلة الحركة,5.0,R1DQZMMCJUHZE,
,18 October 2024,ممتازة,خامة جيدة و سلسة,5.0,R3MXMPUIFVKI2L,
,15 November 2024,هاني,بائع محترم انصح بالشراء منه,5.0,RCRZ1GUCBRN9E,
,29 October 2024,يونس,منتج محترم انصح بشرائه,5.0,RG3UONCZ03GZQ,
,3 December 2024,جيد ولكن,خلاط البانيو جديد وخلاط الحمام جديد ولكن خلاط المطبخ على الحائط اليد ملخلخه ومحطوط في كرتونه مش بتاعته مقفول بالعافيه كنت اتمنى الطلب حسب الصوره وعيب تبعت ٢ خلاط كويسين وخلاط به عيوب انا غير مبسوط من إجمالي الطلب,3.0,R2AQORK5272IGR,
,17 December 2024,انصح بشراء المنتج,منتج جميل وعملي وسهل الاستخدام,5.0,R122A4KUWN4L7M,
,2 September 2025,حسام,كويسة,2.0,R3V00SFEZ866XM,
,22 November 2024,مريم,"منتج ممتاز انصح بشرائه
Read more",5.0,R1400B655YO510,
,7 October 2024,لون مميز,سهلة الحركة,5.0,R1DQZMMCJUHZE,
,18 October 2024,ممتازة,خامة جيدة و سلسة,5.0,R3MXMPUIFVKI2L,
,15 November 2024,هاني,بائع محترم انصح بالشراء منه,5.0,RCRZ1GUCBRN9E,
,29 October 2024,يونس,منتج محترم انصح بشرائه,5.0,RG3UONCZ03GZQ,
,13 October 2025,منتج كوالتى عالى الجوده  وشكله انسيابى وجميل,منتج كوالتى عالى الجودهوشكله انسيابى وجميل,5.0,R35KW0RWUZO00D,
,16 September 2025,ممتاز,ادائه ممتاز,5.0,R1MVB1B9CCPO9S,
,23 September 2025,منتج سيئ جدا وبيشر ميه من كل حته,لا انصح بالشراء بايظ وبيشر من كل حته ومفيش معاه اي حاجه خلاط فقط باااايظ من اول ماركب,1.0,R3CC4HFO741NAS,
,26 January 2025,مريم,خامة كويسة انصح بالشراء,5.0,RB68Y2RVALHDR,
,28 July 2025,المنتج ناقص مسطرة الدش,تم تسليم المنتج ناقص مسطرة الدش,2.0,R2FBO0API8ZK7O,منتج_غير_مكتمل
,31 July 2025,الماسورة بتاعت الشاور قصيرة مفيش وصلة,الماسورة قصيرة مفيش وصلة تطولها,3.0,RZL2Q8J5QKRLZ,
,11 July 2025,بيجي معاه سماعه دش ولا خلاط بس,بيجي معاه سماعه دش ولا خلاط بس؟,4.0,R3VNJOOG56MJG7,
,25 January 2025,عدي,خامة ممتازة وسعر مناسب,5.0,R2E784Q6NXUP46,
,25 January 2025,يونس,"منتج ممتاز
Read more",5.0,R1KFURUEO8T3CW,
,1 September 2025,فيصل,غير جيد الوصلات بالضغط وليست صاموله وهذا غير جيد,2.0,R2FGH8ASVRE69X,
,11 March 2025,مقاس الخلاط قصير,الخلاط قصير ولا يصلح لتركيبه خلاط قديم لان من المعروف ان يتراوح المقاس من ١٥سم الي ١٧سم مابين الصواميل ولكن المنتج ١٤سم والكرنكات علي وضع اقل مسافه مش جايبه الصواميل ولكن الخلاط ممتاز لو موجود في التاسيس,1.0,R2NX91OVVC8T7,
,14 November 2024,ممتاز,ممتاز وقيم ومناسب لسعره,5.0,R2JK40S26NN7NV,
,13 July 2023,تمام,بس وصلت القنطرة بها بعض الاماكن متطبقة,3.0,R2I9RFLMIR9PR,
,3 June 2025,سئ جدا,ردئ و به تسريب للمياه طبعا ظهر بعد تركيبه و استعماله,1.0,RREO1SBUK2FP6,عيوب_تصنيع
,6 June 2025,المنتج اردئ من أن يقال عليه بايظ ومش كويس,المنتج اردئ من أن يقال عليه بايظ ومش كويس,1.0,REM8EWHM5RIBV,جودة_المنتج
,27 November 2023,الخلاط بيسرب مياة,سئ وبيسرب مياه وتصنيع تحت بير السلم وغش انه مكتوب عليه صنع بايطاليا,1.0,R1NBQ1FOUDGKVW,عيوب_تصنيع
,8 February 2025,تمام,تمام,5.0,RF14Y9VPXDP9K,
,25 November 2025,ممتاذ جدا شكرا لكم,⭐️⭐️⭐️⭐️⭐️المنتج ممتاز فعلًا! الخلاط جودته عالية وبيفتح ويقفل بسلاسة، والضغط ثابت ومريح. التركيب كان سهل، والشكل شيك ونضيف. بصراحة فادنا في الحمّام جدًا ومريح في الاستخدام اليومي. أنصح بيه وبقوة.,5.0,R3FN3T6XVRTUUQ,
,25 November 2025,ممتاذ,خلاط شطاف ممتاذ ومميز والوانه رائعه,5.0,R2WK0KCFCUZBPW,
,4 January 2025,رضوي,خامة ممتازة انصح بالشراء,5.0,R22DKDRHVFQH43,
,1 January 2025,مصطفي,شغل ممتاز,5.0,R15Y7AM9WJ3E21,
,4 January 2025,ياسمين,سماعة شور جميلة شكرا,5.0,R20F1I854U2454,
,1 January 2025,صالح,سماعة جيده انصح بالشراء,5.0,R3TMK1GVFEPOIM,
,25 November 2025,شكرآ لكم,⭐️⭐️⭐️⭐️⭐️المنتج ممتاز فعلًا! الخلاط جودته عالية وبيفتح ويقفل بسلاسة، والضغط ثابت ومريح. التركيب كان سهل، والشكل شيك ونضيف. بصراحة فادنا في الحمّام جدًا ومريح في الاستخدام اليومي. أنصح بيه وبقوة.,5.0,RXSY50KS5PLJT,
,2 July 2025,منتج جميل,اداء المنتج يفوق التوقعات,5.0,R16O0YP6C50TNY,
,5 July 2025,متميز جدا,منتجكم بمستوى جودة ممتاز ويسعدني التعامل معكم، شكرًا لالتزامكم بالأفضل,5.0,RQPJWWC9MSZ9L,
,28 November 2025,شركة سيئة,خامة رديئة جدا لا انصح بشرائة,1.0,R1OI9XHP5TNF77,
,26 September 2025,سئ جدا,جودة في منتهي السوء لا ينصح به,1.0,RW84AWIZ3JD7W,
,10 September 2025,المنتج معمولة من مادة ضعيفة,المنتج معمول من مادة ضعيفة جدا,1.0,R2UZ4LM9355CNM,جودة_المنتج
,26 March 2025,ممتاذ,شكرًا لك! منتج ممتاز وتعامل راقٍ.,5.0,R2M0LBOAVGDAH4,
,2 January 2025,منتج ممتاز,منتج ممتاز شكرا لكم,5.0,R2RRP13BWYEDGH,
,6 May 2025,شكرااااا,اشتريت هذه السلعة مؤخرًا وكانت تجربتي معها رائعة جدًا. الجودة عالية، والتغليف كان ممتازًا، وتم التوصيل في الوقت المحدد. المنتج مطابق للوصف تمامًا ويعمل بكفاءة دون أي مشاكل. أنصح بها بشدة,5.0,R2UWTXMIJZM0CR,
,23 September 2025,منتج ممتاز,جميل,5.0,R8LZAVFB30TMX,
,17 July 2025,ممتاز,"الجودة ممتازة، المنتج مطابق للوصف، وأنصح به بشدة.""",5.0,R1L2W373ADQ5IY,
,5 July 2025,لكم جزيل الشكر,منتجكم بمستوى جودة ممتاز ويسعدني التعامل معكم، شكرًا لالتزامكم بالأفضل,5.0,R1XL5IT8KZQO0N,
,2 July 2025,منتج جميل,منتج اعجبني بشده انا راض جدا عن هذا المنتج,5.0,R54M84OFS3GWV,
,4 December 2024,قطعه مفيده,منتج رائع,5.0,R3UJ1H1GM8B6ES,
,20 November 2024,ياسمين صفوت,"منتج ممتاز انصح بشرائه
Read more",5.0,R1WT5GZLH0FLHR,
,23 November 2024,منتج رائع,المنتج رائع جدا وسهل الاستخدام,5.0,R1Y9V2P1X0K9TZ,
,21 August 2024,Very good,جميل جدا,5.0,R33XDLH5G7IC7X,
,26 August 2024,منتج رائع,منتج جميل و منتج غير قابل للصدا و اما عن تغليف رائع,5.0,R3F9R213XWBXIJ,
,21 September 2023,بائع غير امين,المنتج الذى تم ارساله سيئ جدا ومخالف للمواصفات,1.0,R21064HTX7Z9ES,
,20 September 2025,هو المطلوب,طول ممتاز ومناسب جدا وشيك وتغليف كويس جدا,5.0,RW0SPRJ2A189O,
,6 May 2025,خامه اقل من الرديئه,خامه رديئه ولا تستاهل سعرها خالص متساويش حتى ٥٠٠ وبندم ان جبتها والبائع بيقول مستورده وهى تحت بير السلم مش محصله حتى صينى حسبي الله,1.0,R2F0LXD5PNJ50U,
,17 November 2025,كويسه,كويسه بالنسبه لسعرها,3.0,R3CTGXQ9TLGMPV,
,12 January 2025,فاطمة,هاند جميل ان صح بالشراء,5.0,R2J50PWOZZE2MB,
,20 October 2025,ناقص مسامير,ممتاز وخامه كويسه جدأ بس جالي من ناقص مسامير,4.0,R37BA80KTKQVOB,منتج_غير_مكتمل
,9 September 2025,الكرتونه مدمرة,الكرتونه مدمرة,2.0,R2MG582A7BFR10,
,22 December 2024,غش من البائع,منتج عادي جدا ولا يستاهل المبلغ.ولولا انه ركب بالفعل كنت رجعته,1.0,REEE0E2CKKRWM,
,17 April 2025,منتج ممتاز,منتج مثالي,5.0,R1EGUTA7WPO12T,
,28 May 2025,غير مطابق,المنتج المرسل يختلف عن الصور على الموقعبالاظافة إلى طريقة التغليف الخاصة بالمنتجوايضاً حالة المنتج,1.0,RECY95PFWRQO3,
,7 January 2025,ممتاز,منتج ممتاز جدا وعملي انصح به,5.0,R2MQ8DG3OIBJW1,
,25 September 2024,منتج جميل,منتج جميل عالي الجوده و تغليفه ممتاز,5.0,R1CR4D6S5EMYR6,
,10 February 2025,مختلف لكن جيد,المنتج الي وصلني مختلف عن الصورة الي معروضة ، لكن جيد و مقبول,4.0,R3I41ZQRQVBSDK,
,7 October 2024,شكرا,منتج مميز جدا شكرا,5.0,R1EZH6MY1R8Z2K,
,30 October 2025,تجربه رائعه👌,المنتج ممتاز جدًا! خامة الخلاط قوية وجودته رائعة، التصميم أنيق وسهل الاستخدام والتركيب. تدفق المياه متوازن ولا يوجد أي تسريب. فعلاً يضيف لمسة جميلة للحمام/المطبخ. التغليف كان ممتاز والتوصيل سريع. أنصح به بشدة👏,5.0,R6EWGBKWHY8G0,عيوب_تصنيع
,3 March 2021,,"Es precioso, aunque lo tuve que devolver porque para mi baño era demasiado amarillo, pero es súper bonito",,R3JRF5PIHJ35IH,
,4 February 2021,,Dieser Wasserhan sieht optisch sehr gut aus und pept den Badezimmer auf.Allerdings ist der Geräuschpegel etwas hoch und die Farbe ist bei uns nach 2 Monaten leicht abgegangen.,,RZJWYFYQ4CVD7,
,22 December 2024,ممتاز,سهل التركيب,5.0,R3KVO6QFLV719R,
,13 July 2023,مناسب لسعره وليس ايطالي,هو جودة مناسبة للسعر لكن طبعا وكما هو متوقع ليس ايطالي والوزن متوسط مش محمل اوي,3.0,R1GIERFLFIV2R0,
,13 June 2020,تقييم من سوق.كوم,جيد بنسبه لسعرهإيجابيات هذا المنتج:جيدسلبيات هذا المنتج:خفيف الوزن,3.0,RT9XJW1MRBPWT,
,31 January 2025,جوده عاليه,لم اجدها في اي مكانسوا هناجودة عالية,5.0,R3RBK1EB9KWB65,
,24 October 2025,بدون العلبة الاصلية,المنتج مطابق الصورة و لكن وصل بدون العلبة الأصليةلسه لن استخدمه بعد,4.0,R2KUO3WB1PKZ6T,
,12 March 2025,الاسكندرية,كويس,5.0,R1JAXM9J2PTFH,
,5 July 2025,عملي,حلو جدا,4.0,R11LC47PSFT2MT,
,31 January 2025,صامولة ربط رائعه,صامولة ربط لخلاط المياة,5.0,R2MFUPBRATRZHI,
,18 June 2025,صور واقعية,ممتاذ جدا الصور واقعية للمنتج .,5.0,R2D6WO6O62NJTQ,
,5 October 2025,خامته ممتاز ويعيش لفتره طويله وبسعر ممتاز,كانت تجربة رائعه جدا واتمنا ان تتكررجودته عاليه و مصنوع من حديد مجلفن يعيش لفتره طويله وبسعر ممتاز,5.0,R2QNWGNNWB2ME3,
,18 December 2024,ممتازة,ممتازة و سهلة التركيب,5.0,R5B03F8PTQHT3,
,6 February 2025,لاتعليق,مينفعش اديله اي تقييم المنتج وصل علبة كرتون مقطعة وصامولة ربط خرطوم الرشاش مكسورة وصامولة ربط الخلاط فيها خدوش اكنه مستعمل قبل كده والاحلي اعادته علي حسابي بمبلغ فوق ال ١٠٠ جنيه طاب انا ذنبي ايه,1.0,R24HHYF9H86HA2,عيوب_تصنيع
,3 September 2024,منتج رائع,منتج جميل جدا غير قابله لصدا و جودته عاليه و اما عن تغليفه فهو ممتاز,5.0,RIM7IM82NVIDC,
,7 September 2024,منتج جميل,منتج ممتاز غير قابل للصدا تغليفه جميل,5.0,RBWP5Q8MF7MB8,
,14 February 2025,الصموله غير متوافقه,الصموله غير متوافقه علي راس الدش,1.0,R3PPXUVRKA1LMY,
,21 September 2024,مكسوره,المحبس غير موجود,1.0,R1OA6IT7YLV8EO,
,21 November 2025,مدينة دسوق محافظة كفرالشيخ,ممتاز جدا انصح بالشراء,5.0,R207B5AE74ZFJL,
,17 April 2025,حلو,حلو وارخص من بره,4.0,R2KMJSR1FTYESW,
,18 October 2025,ممتاز,ممتاز جدا جدا,5.0,R1QHEV0LOLYYCD,
,27 November 2025,شغال,انا لسه مجربتش بس باين ان القلب بتاعه من جوه بلاستيك ومش عارف هيبقى كويس ولا لأوفي اجزاء منه بلاستيكبس نفس الشكل الي في الصورة والتعبئة جميلة,3.0,R3N6SA40C1UCY0,
,26 January 2025,مريم,خامة حلوة خالص شكرا انصح بالشراء,5.0,RTPRKGG2Y3CVR,
,30 November 2025,فيه تسريب,الشكل جميل.. لكن فيه تسريب من الأجزاء الداخلية.,2.0,R2IXHK6KWC6WRY,عيوب_تصنيع
,25 January 2025,يوني,منتج جيد جدا انصح بالشراء,5.0,R2IHONJUW6YS1W,
,29 October 2025,العاشر من رمضان,جيد جدا ولاكن يجب أن تكون صامولي الربط معدن وليست بلاستك,4.0,R1DUXUZMCIUW5P,
,1 August 2025,10,جيدة وعملية,5.0,RV4UJIR93ZYDO,
,10 July 2025,ممتاذ,منتج ممتاذ وجميل والتغليف جيد جداً وخامته ممتاذه و الوانه رائعه,5.0,R7PRYI7SHCQJ8,
,24 August 2024,منتج رائع,منتج جميل  التغليف روعه في غايه الجمال,5.0,RBKJ2K56NSLP0,
