,comment
0,محشي الباذنجان و الكوسة لم يتم ارسالهم
1,Unfortunately the rice wasn’t cooked well!
2,"last time to order from el menus,the food is to cold and it arrived after 2 hours"
3,مكنش معايا نص جنيه والطيار كان علي اخره وهيدفعه من معاه وماشي مضايق معلش ممكن تقوله يعتبر نفسه ١٦ مش ١٧ ك خدمه توصيل يعني
4,no utensils provided and no bread
5,it was good
6,The best grilled chicken ever
7,Excellent taste super salads
8,"wasnt fresh, was burnt out"
9,الاكل بارد بسبب التاخير
10,"Chicken was not grilled, it tasted so bad! Also rice is of a very poor quality"
11,not delivered yet!!
12,الاوردر جه غلط كنت طالبه شيش جه كفته و اتنين بس
13,I ordered Kofta with rice and a small Mumbar dish.. The food was delicious and the portions were sufficient The delivery man was respectful
14,الاكل طعمه حلو و الكمية معقولة بس وصل بارد رغم ان البيت جنب المطعم
15,الاكل كله زيت واللحمه المفرومه في المكرونه مش مستويه
16,الكفتة نية
17,الاورد وصل بعد الوقت المحدد بأكتر من ساعه ونص والطيار ماكنش بيرد عليا وعلى الخريطه واقف مكانه مش بيتحرك خالص لوقت كبير و طبعا وصل بارد جدا
18,الاكل بارد و اتاخر جدا
19,الشيش غير الصورة اربع قطع مش اربع عصيان
20,not received. driver didnt pick it up. i waited w hours then had to cancel the order
21,Portion is very small
22,الطحينة اخر مرة كانت طعمها غريب جدا
23,الراجل الي في خدمة العملاء في منتهة قلة الذوق قلتله يكنسل الاوردر بعد ما طلبته ب ١٠ دقايق حرفيا مكنش لسة المطعم بدأ فيه مرضاش مع اني قلتله مش حستلمه يريت تعملو بلاغ فيه
24,الاكل كان كويس بس الكمية قليلة مقابل السعر
25,السلوفان لازق في وش البرام وقطع الفراخ ليست مطهيه جيدا
26,مش اربع قطع شيش كانو ٣ فقط و احجام صغيره، متكفيش شخص
27,الجودة مش زي كل مرة ... الفرخة مش مستوية كويس والبصل كذلك ... التتبيلة مش كويسة زي كل مرة ... مش ده المتوقع من أبو راوية اللي اتعاملت معاه كتير!
28,الفراخ كانت ناشفه جدا
29,جيد جدا
30,جوده ممتازة
31,الاكل كان بايت ووحش جدا
32,chicken shisk were 4 tiny bits.
33,اربعه قطعه صغيره ، وغير الصوره خالص
34,طاجن المسقعة مر جداً وهو زي ماهو يجي ياخده
35,عامل التوصيل فتح الطلب واكل منه قبل توصيله لنا
36,الاوردر جه غلط جه شيش بدل الكفته
37,وجبة الشيش ماكانتش أحسن حاجة، جودة الرز مقبولة، التومية حادقة بزيادة. لولا كان عرض ماكانتش تبقى قيمة مقابل سعر.
38,There weren't any nuts in Khalta ricr apart from the raisins!
39,Good
40,it's few
41,The food quality never disappoints begad tohfa
42,Driver was so polite and cheerful 😌
43,البطه حلوي مستويه كويس بس الاول كان بيجي معاها ورق عنب و بطاطس و مكسرات و خلاص دلوقتي التورد جي فاضي فريك و بطه
44,الطلب جاب نص وجبه. والدليفري معاملته زي الزفت
45,زودوا ضريبة على الاوردر بعد ما طلبته، واتفاجئت وانا بدفع انهم غيروا الحساب
46,Ns
47,لم اعطهم خمس نجوم عشان نسوا السلطه وعامل التوصيل سيء جدا
48,Great
49,mkrona w7sha w fdia
50,طلبات السلطه لم تنفذ
51,لله الأمر من قبل ومن بعد
52,اوردر رايق، فراخ مستوية حلو قوي، و رز حلو، و سلطات طازة،
53,العلبة اللي فيها الاوردر كانت مفتوحة من الجنب و الفويل حول الطبق مقطوع من الجنب برضه و واضح جدا ان الاوردر اتفتح و اتاخد منه حاجة
54,He is so rude
55,اكتر من ممتاز الشيش طعمه رائع و الكمية كويسه جيدا الطباخ ماهر فعلا
56,طلبت كفته بعتوا شيش طاووق
57,.
58,missing item
59,اسوء مكان ممكن تطلب منه أكل ❌ قطع الشيش طاووق تنفع للأطفال فقط ‼️ تجرُبة لن تتكرر 😒
60,Ok
61,الاوردر اخد اكتر من ساعتين
62,الحمامة صغيرة جدا و مفيهاش لحم خالص حقيقي مدايقة جدا المفروض جيباها من مكان محترم يكون قد الثقة
63,أسوأ تجربة دليفري على الإطلاق، وقت التوصيل متأخر بعد أذان العشاء، وعدم توجه الدلفري لاستلام الطلب في موعده، ووصول الأكل بارد، وغياب الدعم الفني لأكثر من ساعة وقمت بتسجيل شكوى بكل تفاصيل الطلب.
64,Y
65,اتاخر جدا
66,ممتاز
67,Excellent restaurant
68,الاكل غير ناضج بالشكل المطلوب
69,الفراخ كان فيها عضم كتير زيادة عن أي مرة قبل كده
70,الفراخ مش مستوية كويس وفيها دم
71,الاكل كان حلو بس جه متأخر عن الوقت بتاع بساعة الا تلت
72,الرز البسمتي طعمه وحش زي ما يكون بايظ ، الاوردر جالي غير اللي ف الصوره و قايلين ٣ اسياخ شيش طلع ٤ قطع فراخ صغيره و بدل ما يحط مخلل حاطين توميه ،،، تجربه سيئه جدا
73,Very late delivery
74,not as the picture
75,تحضير الاوردر اخد حوالي ساعتين!! الطيار مش ذنبه..وصّل الاوردر بسرعه بعد ما استلمه. شخص محترم
76,الرز بالخلطه عليه زبيب بس انا اول مرة اشوف رز بالخلطه عليه زبيب بس غير الكميه غير مناسبه مع السعر
77,الشكل غير مطابق للصورة الحقيقية
78,ممتاز أكل ابو راوية ...ربنا يباركله
79,الاكل كان فيه شعر
80,تاخير الطلب اكتر من ساعتين !!
81,علبه الشوربه جتلي مخرومه وبوظتلي كل الاكل فعلا اسوء تجربه اليوم وشئ مستفز عكس المرات اللي فاتت كانت ممتازة
82,مفيش شيش طاووق اصلا
83,ممكن تفتحوا توصيل محرم بك لانه مقفول و عاوزه اطلب
84,العكاوى وحشه جدا عضم وجلد
85,البطة صغيرة مقارنةً بالمرات السابقة رغم زيادة السعر
86,التوميه مش حلوه الفراخ جميله
87,الاوردر اتاخر جدااا وجالى بارد والفراخ وحشه جداا
88,عاوزه اطلب اوردر هو مينفعش الارز المعمر يفتح للطلب
89,الطيار انسان ممتاز و مظهره كويس و بيوصل الأوردر بسرعة
90,موصلش زي ما الكومنت
91,Perfect
92,Very slow delivery i waited 2 hours
93,فيه اختراع اسمه ملخ و اختراع اسمه سمنة سمعتوا عنهم دول
94,مش مستوية كويس
95,الاكل كويس بس التوصيل فيه مشكله ، بيتاخر جدا !!
96,طبعا انا متفاجيء من منظر الاوردر وكميه الميكرو اكل وسوء التغليف انا حسيت اني طالب طواجن من زعيم لا والله لو من زعيم مش هتكون بالمنظر دا ابقي كمان طالب ضاني يجي بفتيك بقري مش متسوي كويس طب معندكش ضاني قولي اغير الاوردر مش انت اللي تغير بمزاكك احذروا
97,التوصيل اتاخر جدا !!
98,كالعادة جميل جدا من افضل محلات المشاوي يمكن في كل مرة اطلب منة مفيش غير مرة واحدة بس اللي جابوا حاجة بايظة في الاوردار
99,ورقة لحمة صعبة جدا
100,السلطات قليلة اوي على فرخة و نص
101,الفراخ زفرة
102,جيد .. ولكن تسوية الفراخ كانت زائدة عن الحد
103,الريش عندهم مش احسن حاجة.. الكباب مميز والبرام
104,مكرونه سي فود سيئه جدااااااا والله اترمت مفيش فيها سي فود اصلا و مكرونه مهريه نفي فيها صوص و كفتة الجمبري لا تمت الجمبري بصله عباره عن عجينه طعمها وحش مقليه
105,اصابة الاسرة بالكامل بنزلة معوية بعد تناولها مكرونة فرن و محشي مشكل و مشاوي
106,السلطات قليله اوي
107,Food wasn’t hot!
108,مش مستوى
109,بس السلطات متبعتتش
110,اكل غير مطهي بشكل جيد
111,اوحش و ازفر فراخ اكلتها
112,Tastes bad
113,D
114,الاكل كان طعمو وحش جدا و اترمت في الزباله
115,Great food
116,برامين رز محروقين زى الزفت مقدرتش اكمل من اول واحدة
117,الاكل كان وحش اوي مش مستوي
118,اللحمة جودتها قليلة في طاجن الخضار علي العكس تماما اللحمة في طاجن اللسان عصفور ممتازة لكن جودة اللسان عصفور سيئة
119,من النادر انكم تبعتولى راجل محترم كده و زوق يا رب الشركه كلها تكون زى الراجل ده
120,وحش جدا
121,👍🏻
122,لم يوجد سمبوسك جبنة لليوم الثانى على التوالى
123,طعم الكفتة و الطرب مش حلو دا غير ان الكفته كأنها معموله جريل مش فحم او مش طازه و الطرب نفس الفكره الكباب هو اللى كان كويس
124,الطحينه والتوميه بايظين .. والعيش ال مع الاوردر وحش اوي محروق وناشف ووحش جدا .. الاكل نفسه مش مستوي كويس .. طعمه فبه زفاره خصوصا الطرب
125,الطرب مكنش مستوى خاااالص كان ني جدا🤮🤮🤢 وزفرررررر
126,الاكل مش مستوي والفراخ كلها دم
127,كتابه بدون بصل جالي ببصل
128,عدم الإلتزام بالملاحظات
129,الكفتة سيئة جداً وطبعاً مش بيبان الا لماتاكلها بقايا عظم صلبة صغيرة الحجم وذلك لايليق بمطعم محترم وانا حبلغ صاحبه عشان دي سمعة واكيد مش حيرضيه ابدا اللي بيحصل وانا بحب المطعم ومكنتش متوقع بصراحة أن الكفتة تكون بالشكل ده
130,تمام بس الفرخة المفروض تبقي مش اقل من كيلو و٥٠٠ جرام هيا تقريبا كيلو و ٢٥٠ جرام
131,"No problem with the delivery, It was fine"
132,My favorite restaurant in Elmenus❤️
133,طلبت محشي كوسة طعمه حمضان
134,طاجن اللحمه مالح اوي والنجرسكو حاميه البوهرات كتير زيادة عن اللازم يعني اخركو فراخ مشويه المطبخ والطبيخ دا اخر تعامل فيه
135,طلبت نص فراخ شيش لكن استلمت نص فرخه عاديه وطعم المشويات ونوع اللحوم اقل من العادى
136,مكنش فيه طرب اصلا ال انا طالبه الاوردر عشانه وحاجه فى منتهي العبث
137,Very bad الفراخ ناشفه جدا
138,١- المشوي مشكل المفروض كباب و كفتة و لحمة. جاي بس كفتة و لحمة !! ٢- السلطات على الكيلو طحينة و بنجر و مخلل بس ! آخر مرة من أبو راوية
139,المرة دي البطة كانت مش مستوية. رغم إننا دايما بنجيبها وبتكون ممتازة
140,❤️
141,"Perfect as always, keep it up ❤️"
142,تحفه بس ليه السلطات قليله جدا جدا عن اخر مره الاسبوع الفات ٠١٠٩٥٢٠٣٠٦٠
143,ال
144,وصل الاوردر بعد ساعه الا تلت من اخر ميعاد متوقع و الاوردر وصل بارد جدا
145,Perfect as always keep it up.
146,My request ignored?!
147,سلطات سيئه غير مطابقه للمطلوب مفيش عيش
148,الفراخ بايته بجد حسبي الله ونعم الوكيل
149,غيير مستويه و يوجد دماء بها
150,الاكل بارد
151,للأسف الطعم غير جيد
152,السلطات اللي بتيجي مع الاكل حمضانة 🥲🥲و الفرخة صغيرة اوي
153,الاكل واصل بارد جدا
154,الموزة فيها مش مستوية و بتشد و الاوردر اتأخر نص ساعة و مكنش سخن بالشكل الكافي و خدمة العملا لما تواصلت معاهم مستفدتش منهم بأي حاجة
155,مشكله دائما في السلطات
156,No order was delivered
157,الاكل دايما حلو.. بس المرادي مكنش في حاجة مستوية.. والطلبات الخاصة محدش بيشوفها
158,فراخ نظيفة جدا ومخلية وطعم الشوي حلو جدا والسلطات كتير مطعم محترم جدا و كواليتي عالية
159,الاوردر بيوصل ف اكثر من اكثر من ساعتين
160,جميل جدا
161,عادي
162,The app took so long to assign a driver to my order ana the order arrived 2 hours later and very cold
163,عدم الإلتزام بملاحظاتي
164,حرفيا قعد ثلاث ساعات
165,عدم الإهتمام بملاحظاتي
166,الاكل لذيذ بس الاوردر اخد ساعتين بالضبط
167,طول عمر ابو راوية جودة وعمرة ما زعلنا
168,الاكل بيوصل بارد
169,الاوردر وصل في ساعه و خمسين دقيقه!!!! و ابو راويه في العماره إللي جنبى
170,So good
171,اللحم الشرائح رفيع جدا وناشف
172,🙏
173,الفرخة صغيرة اوي و مفيش ولا اي سلطات ولا رز ولا بطاطس
174,الفرخه كانت بايته و ناشفه اخر مره
175,اللحمة مش مستوية خالص
176,❤
177,الشوربة فراخ بالكريمة مش شوربة مشروم
178,He
179,الاكل خرافى بجد
180,الفرخة صغيرة
181,الاكل حلو جدا بس اكتر من مره الميكس جريل يجي من غير كباب وانا نفسي فيه يا بشر 😂
182,عامل عرض تخفيض وهمي على وجبة نصف فرخة لان الوجبة بتيجي بدون رز و لا بطاطس مقلية على عكس الظاهر في صورة الوجبة و اتكرر الموضوع مرتين و تم التنبيه في تاني مرة و لكن مفيش فايدة
183,very late driver
184,👎👎
185,الكمية غير كافية الأوردر من غير أرز
186,Perfecto
187,العيش مع المشاوي ناشف وبايت ارجو تحسينه .
188,اعتقد مفىوض في بطاطس مع الفراخ بس ملقتش بطاطس
189,اللحمه في الطواجن شكلها مش بلدي ابدا والحمام عصافير
190,اقسم بالله اكتر مطعم في اسكندريه مظلوم مفيش اي حاجه عندهم وحش مجرب كذا حاجه عمرها ما خيشيت اي وقت ناس ذوق ومطعم كله ناس كلها ناس راقيه فعلا اللي مجربش اكله فايتو كتير
191,محروق
192,حلو جدا جدا
193,منتهي قلة الزوق ساعتين ونص عشان الطلب ييجي
194,جيد
195,ممتاز جداً
196,الأكل عموماً حلو جدا المشكلة أن الاوردر طبيعي بيكون معاه على الأقل ارز والصورة فيها ارز وبطاطس لكن وصل نص فرخة وعيش بس
197,ماشاء الله كله كويس
198,انا طالب فوتوتشيني جابو مكرونة فرن مكانها مالهاش معالم وصوص مش حلو ومشروم ني مش مستوي بصراحة ميصحش والله
199,اول مره الفراخ تجيلي منهم نيه
200,it took 2 hours to get the food
201,الفراخ حلوه المببار كان وحش جدا
202,الملوخيه سيئة جدا جدا جدا
203,جميل بس معظم الكيلو المشكل كفتة
204,الاوردر كان خاطئ وتصرف الدعم الفني غير لائق
205,المرة دي نص الكباب كان محروق مع اني دايما بجيب بيكون تمام بس المرة دي مش حلو خالص
206,طاجن السي فود مبقاش حلو ولا بيحطو في سي فود كله بصل وخضره وسمك
207,تم طلب فرخة ونصف مخلية زفرة جدا لاتصلح للاكل
208,Bread wasn’t as good
209,مكرونة صوص ابيض بمشروم وصلت بدون بمشروم. تواصلت مع المطعم و كان التعامل غير جيد في تركى على السماعه فتره طويلة جدا و لما طلبت كنوع من ارضاء العميل تعديل المكرونه ل بنا تم رفض الطلب و الالتزام باالاوردر و ده كان رد المطعم و رد دعم المنيوز بردوا..
210,the taste was so bad
211,ياريت لو يقرأوا الملحوظات مرة على سبيل التغيير!
212,الأكل موصلش الفلوس ادفعت من خسابي؟؟؟
213,مطعم جيد
214,الاوردر وصل متاخر جدا والاكل تلج مشكبه في دليفري استلم الاوردر وروح اتغدي واستحمي وجالي متاخر ساعتين زياده شكراا
215,السائق محترم و سريع
216,السلطة وحشة
217,May be food need cooked as well but all in all am in love with menus and abo rawia
218,لذيذ
219,المشاوي كلها عشرة على عشرة بس السلطات قليلة طقم واحد على كيلو و ثلث!
220,الفرخة صغيرة وكانت اطرافها محروقة مش.مشوية
221,كل مره بطلب لازم اكتب تعليق عن جمال الاكل و سرعه التوصيل و بجد الاكل نضيف جدا و الكميه حلوه اوي ❤️ بجد شكرا اوي ❤️❤️ انا مش بطلب اوردرات في الابلكيشن كله غير ابوراويه ❤️
222,مميز
223,مركونه
224,عدد السلطات اختلف عن المرات السابقة العدد قل 2ق
225,Shrimp kofta & Grilled chicken were so good 🤤
226,رائع جدا واكل محترم
227,Very very good
228,طاجن فراخ بالبطاطس مش مستوي و في دم
229,المشويات محتاجه سلطات
230,وقت التحضير والتوصيل طويل جدا، اخر اوردر تجاوز ساعتين. وده بيخلينا منطلبش وقت ما نكون مستعجلين.
231,الأكل سئ جدا
232,araf
233,الاوردر كان ممتاز امبارح بصراحة
234,تحفة تحفة تحفة
235,i had a very small half fried chicken that was overcooked and dry
236,شوربة السي فود سيئة جدا
237,جودة الفراخ سيئة جدا
238,good
239,سيء جدا
240,الفراخ كانت ناشفة جدا
241,الفراخ زفرة شوية
242,تمام
243,الكباب غير طازج
244,Driver was so rude and aggressive! That’s really a bad image to your company.
245,تحفه اوي بجد من اجمل المشاوي في اسكندريه و احسن اسعار ❤️
246,الفراخ كان فيها اجزاء فيه طعم زفارة غريب اوي كانها بايظة او محطوطة على سمك زفر، كانت بشعة و طعمها مريب جدا
247,كل مرة اطلب سلطات يحطو توميه هل التومية بتتاكل مع الكفتة واللحوم المشوية والمكرونة حمضانة للاسف اخر مرة اطلب من ابو راوية لازم الواحد يروح عندهم ويكون ادامهم علشان ينفذو اوردرهم
248,طاجن الارز سئ جدا و ناشف
249,كله ممتاز وحلو
250,السلطات قليلة الكفتة تحفة
251,الفراخ نيه خالص كلها احمر من جوه
252,Comment ignored completely
253,الفرخه صغيره جداا
254,طالبة مكرونة الفريدو فيتوتشيني جالي مكرونة بن عليها فلفل و فراخ وشوربة بيضا ولا في مكرونة الفريدو ولا مشروم ولا وايت صوص!!!
255,the driver did not return the change
256,سئ جدا
257,الرز والممبار حلوين أوي بس المكرونة بالمشروم كانت بايظة ومكنش فيها مشروم أصلاً وكان فيها دودة يا ريت لو تاخدوا بالكوا من نضافة الحاجة وكله يكون مستوى واحد مش حاجات كويسة وحاجات بجد بشعة
258,الفراخ كان طعمها مش احسن حاجه
259,تحفه اوي احلي اكل بجد شكرا انكم فتحتوا توصيل محرم بك ❤️
260,الانتركوت سئ جدا جدا زفر و ريحته وحشة اوى و بيشد بشع مع ان ف المطعم مبيكونش كده بس واضح ان اللى طالع دليفرى بيكون اى كلام
261,I got sick after eating it
262,انا طالبة ارز باللحن يجيلي ارز بالفراخ !!! ايه ده بجد هو بيحط اللي عنده في البرام و خلاص !!
263,ممتازة
264,اكل سىء جدآ..واول مره اشوف البط بيتحمر فى الزيت...تجربه مؤلمه ولن تتكرر
265,كل الاكل ناقص سوا
266,الدلفرى فوق الممتاز قمه في الزورق يا ريت كلهم كده. في تطور واضح في مستوى الخدمه. شكرا المينيو
267,ممتاز ونضيف والكفتة هايلة بجد شكرا
268,رائع
269,The order delivered without salads
270,الفراخ المشوية ممتازة والبانيه طري وفي نفس الوقت كرانشي من بره الاكل كله الصراحه هايل والسلاطات كتير ومتنوعه
271,التوصيل سيء
272,الطعم بجد تحفه وبوصي الناس كلها تطلب الوجبه دي ومن المطعم ده .. ملحوظه بس ياريت نكتب ان الوجبه دي معاها رز وسلطه وعيش لان ده مش متوضح في المنيو .. ثانيا ياريت يتم تقليل عدد العيش اللي مع الوجبه حتي لا يتم رميه يكفي ٣ ارغفه بدلا من ٤ ..وشكرا جدا ليكم
273,شوربه الكريمه مش حلوه.. بس الفراخ المشوية حلوه جدا
274,Bad اكل حمضان وفيه اكل كويس فانصحك متاخديش المخاطرة وتجربي
275,ملهاش طعم تماماً
276,الفراخ المشويه كانت تتبيبتها و جوده الشوي بتاعتها احسن لكن الان اصبحت سيئة جدا و السلطات بقت بليلة و اسوأ جدا من الاول
277,المحشي و الشوربة ضاني و مكنتش طلباهم ضاني
278,السلطة عجبتني اوي و تاستي الفراخ المشوية حلوة برضه بس مفيش رز و العيش معحبنيش 😊✌️
279,ورق العنب حامض و سئ جدا جدا ، جوده الاكل مش بتتحسن للاسف
280,حضرتك اللحمة كانت مش مستوية كويس ورحتها وحشة والحمام محروقة
281,very bad experience I don't recommend it for anyone it's a waste of money
282,جامد
283,الاكل سئ جدا مش مطعم أشك أن دا يكون مطعم ياريتني شوفت التعليقات عليه قبل ما اطلب فلوسي راحت علي الارض وعلي الدكاترة
284,الفرخة صغيرة جدا
285,الاوردر كان شيش طاووق والصورة شيش على الأسياخ ولما وصل لقيته صدور مشوية منهم اثنين بعظم والباقي مخلي!!!
286,الفرخه كان كلها دم ومش مستوايه
287,فيه واحد اسمه احمد نبيل قاعد يحط تقييمات كدابه خلي بالكم يجماعه المطعم سئ جدا ولما كلمته ان الفراخ كان فيها مشكله ولا اهتم وعملي بلوك فخلي بالكم علشان متنخدعوش
288,محنرم جدا واسلوبه راقي
289,الفرخه بدون عظام صغيره جداا وشكلها مجمد حوالي كيلو
290,الاكل بيجي بارد منصحش حد يطلب منه ولما تواصلت مع المطعم موضحش حاجه خالص ولا عبرني
291,محترم وسريع جدا ووصل العنوان مظبوط بدون الاتصال او التوهان
292,تجربه سيئه جدا و الاوردر وصل بعد ساعتين من الطلب
293,ممتاز جداً ابوراوية
294,السلطات بايتة وطعمها متغير وسيئة والفراخ الشيش كانت رائعة زمان جت المرة دي سيئة جدا وناشفة
295,جالي تسمم من الاكل و تعبت جدا ، حقيقي منكم لله
296,الاكل مش نضيف و جالي تسمم منه ، منكم لله
297,ليه مش بتوصلوا محرم بك؟! ياريت لو تفتحوا التوصيل لمحرم بك
298,كنت طالب نص فرخة الطلب وصللي من غير رز
299,الفرخه جايه بارده اوي ومش متبله وطعمها مش حلو خالص
300,مكرونه وحشه جدا ومكوناتها ناقصه منصحش حد يجيب مكرونات من عنده والمشويات اوقات حلوه واوقات تانيه وحشه مش احسن مطعم بصراحه
301,Very nice and clean
302,الاكل ناشف جدا جدا واتسخن كذا مره
303,الله يكرمكم
304,لم يكن الأفضل
305,النظافه الطعم كله سيء
306,الكبدة سيئة جدا جدا جدا
307,حلو
308,الفراخ زفرة جدا بس الباقي كله كويس
309,the food was reallly very very bad
310,طلبت لوالدتي امبارح من الapplication لأنها ست كبيرة ومريضة برام رز معمر وحمامة. اتصلوا بية خدمة العملاء من الapp قالوا إن ابو راوية بلغهم إنهم حيتأخروا ساعة زيادة. أفاجأ بعد كدة إن والدتي تقولي إن الأكل جي محروق بالكامل ومعرفتش تاكله منه أي حاجة. وهي...
311,المكرونة كانت بايظة طعم البولونيز حمضان و بايظ
312,The food is ok but the restaurant was so slow to release the food
313,الاكل بايظ و ريحته صعبه جدا
314,وحشة وحشة اول مرة تجي كدا باردة جداا و محروقة و ناشفة الفراخ
315,Really bad
316,الكباب سيء و بيشد
317,سيء
318,انا طالب من الاربعه ع اساس يوصل ع الفطار وصل متاخر و باارد و كمان مالح
319,اولا الطيار بيتعامل بأسلوب سئ وجاي يقولي انجز استناني لحد ما اجي عشان انا مش هستني انا زيي زيك عايز افطر. دا اولا ثانيا الاكل جاي بارد كأنه طالع من التلاجه ما عدا الملوخيه الي سخنه وطعم الفراخ حقيقي خساره فيه الفلوس
320,الاكل اتاخر جدا المكرونه سيئه و الملوخيه سيئه جدا
321,السلطات كلها حمضانه .. عدم امانه فووق الوصف حقيقى كان افضل ما تجيبوهاش من اصله لكن تبعتوا سلطات حمضانه غي احر اوردر قبل رمضان 👎🏻👎🏻👎🏻
322,اسوء بطاطس بدوقها بحياتي
323,المكرونة النجرسكو فيها طعم غريب الجبنة الي فيها بايظة
324,الفرخه كانت محروقه
325,طعمها حلو جدا والعيش كافي بس اتمني ان السلطات العلبة تبقا مليانه عن كدا بس حقيقي عاش استمروا علي كدا
326,The soup was awful
327,Not the same quality
328,الحمام المحشي مقرف اوي الارز اللي جواه
329,I saw couple of negative reviews but honestly I go to the place and they provide best food and best service so I ordered mix beef and bram rice and both were beyond amazing rice is a bit small but full of beef
330,الاكل سيء حسبي الله ونعم الوكيل فيكم الفراخ بايته ومجلده الممبار مجلد وحتى العيش بايت وسيء منكم لله
331,السلطه قليله و نقصه كتير
332,الرز مش مستوي فالممبار و الكمون زياااده و المحشي ورق العنب وحش جدا و السلطات مش حلوه حتي الطحينه
333,إدارة مرنة و محترفة . براڤو يا ريس
334,الفراخ ناشفه مش جوسي و صغيره جدا
335,المكرونه بشعه جدا طعم اللحمه غريب والمحشى حمضان .. حسبنا الله ونعم الوكيل انا عندى بيبى بيرضع عمره شهر فضل ممغص طول الليل 🙌🏻😭
336,الفراخ المشوية سيئة جداً عن تجربة اكثر من مرة
337,Burned
338,أسوء حمام اكلته في حياتي
339,الفراخ المشوية مش سخنة!!! فيا ترى إتشوت من إمتى!! و ياريت لو حد يقرا الملاحظات!
340,عشان محدش يضحك عليه زيي النجرسكو عندهم غالية فشخ عاملة 60 جنيه وطعمها وحش بطريقة بشعة وحجمها اد كف الايد حرفيا اكلتها واتعشيت بعدها عادي احلي نصب والله منصحش أبدا بالمطعم النصاب ده وربنا ينتقم منهم ميستاهلش 1 حتي
341,الكفتة سيئة جدا علطول بطلب منهم بجد انهاردة بشعة و عبارة عن دهنة و لونها ابيض و طعمها وحش جدا جدا جدا
342,"I have order before with offer from Aborawya and it was great taste and portion, this time the portion is not like the last one, also it came without any garnish, just plain meat, I was really disappointed this time"
343,اللحمه في الطواجن عجوزه بتمضغ كتير جدا المفروض يتم تسويتها جبدا
344,الفراخ وصلت محروقة و المخلل كان بايظ و لما كلمتهم محدش اهتم خالص للعلم دي اول مره تحصل معايا و كان اكلهم ممتاز قبل كده بس انا اتصدمت فيهم المره دي و مش هطلب منهم تاني ابدا
345,Driver’s attitude was so aggressive.
346,رهيب
347,مش بطال بس الاول كان احلي
348,وحش جدا والاكل بارد والمكرونة حجمها صغير جدا
349,اوردر ممتاز
350,الاكل جه بارد كانه طالع من التلاجه وسئ جدااا
351,الاكل زى الزفت ولما اشتكيت للمطعم أتكلم بمنتهى قلة الذوق ورفض تعديل الاوردر مطعم زبالة
352,بجد بيرفكت شكلي هطلب بعد كده منكم كتير🫶🏻🤍
353,boneless chicken يعنى من غير عضم و مرتين يجى الاوردر غلط و المرة دى كلمت بتاع الدليفرى و سامعه و هو بيأكد عليهم و مفيش فايدة برضو، انتو بتاكلو الناس على مزاجكم يعنى، ده غير الطعم العادى او اقل من العادى. أخر مرة اطلب من المكان الزبالة ده
354,تحفة
355,Veg soup was the worst ever ever soup i didn’t feel its even safe to eat Chicken is normal
356,الاكل جميل و الديليڤري سئ مكنش راضي يطلع الاكل عشان سلم و اما سألته عن سنه قال ٤٧ و اما ملقاش بديل طلع و اكتشفت انه عيل صغير
357,Very bad call centre and terrible delivery
358,رهيب😋😋😋
359,رهيب😋😋😋😋
360,الشوربه كلها مسكوبه داخل الكيس
361,حلو جدا المشويات و الفراخ تتبيلتها جميلة الممبار بس مش ذوقي لكن بشكل عام حلو
362,The grilled chicken was missing a wing!
363,الاكل وحش المكان دا صفر على الشمال جنب بلبع و نفس اسعاره طلبت فرخة مشوية و مكرونة الفريدو فوديتشينى الفراخ : مش مش واخدة حقها عالفحم كأنها معمولة فى المكنة و جت باردة المكرونة : طلبت فيدونشينى جت بينا الصوص ماية و ملوش طعم لو اى محل بيتزا بلدى هيعم...
364,Molokhia was really watery and lacked flavor
365,الاكل كله وحش ومش اول مره بس هتكون اخر مره
366,شغلكم حلو ونظيف ليه بقى لغيتو الفراخ المشوية من المنيو؟؟!!!!!!
367,Koko
368,تعبان
369,اول اوردرين كانوا كويسين جدا تالت اوردر الكفته جت مسلوقه مش مشويه اغرب كفته شوفتها في حياتي الكفته المسلوقه بتاعتكم دي
370,من احسن اماكن المشويات في اسكندرية
371,Bad and The Order Came incomplete And I Will Write Bad Review On Menus
372,مجترم جدا
373,روعة
374,Mobile
375,الانتركوت حادقه جدا جدا وللاسف مأكلناش وخدمه العملاء عندهم سيئه
376,Not well done
377,الاكل سخن والتغليف رائح لو كانت الفراخ معاه ارز كان هيبقى تحفة
378,كمية الكفتة غير كافية ،لكن الطعم حلو
379,شكراً جداً على النظافه والطعم الجميل بجد احسن تجربة في عالم المشويات في اسكندريه ❤️
380,Order missing 1 item ( rice )
381,رهيب😋😋
382,🤙🏻
383,حلو جداً
384,خدمه رائعه جدااااااا وشكرا❤️
385,تتبيلة الفراخ كانت وحشه جدا والملح زيادة بطريقه غير منطقية
386,The driver is. Very respectful he is from the most perfect ones
387,1
388,The delivery was super fast
389,الفراخ ملهاش اي طعم ولا ملح ابدا
390,Very good.
391,الفراخ كانت لسة من جوا بمبي وفيها حتت بدمها. الطرب كان كله دهن والممبار كان ناشف.
392,على غير العادة طلبت فرحة مخلية مشوية للأسف زفرة جدا ، وريحتها صعبة اوى
393,الفراخ المشوية حلوه جداً
394,Vg
395,حجم الفراخ صغير بيحطوا سلطة بمزاجهم مش زى ما طلبت فى الاوردر
396,اتصدمت بصراحة الكباب مالوش طعم مش متبل حلو والكمية اقل من ١/٣
397,very good thanks
398,الاوردر موصليش
399,great
400,الاكل سئ جدا جدا جدا بنتى جالها نزلة معوية بسببه
401,اسواء مرة اطلب من ابو راوية وحش جداا جدااا والطعم وحش جداااااا واتأخر جدااااااااا
402,الفراخ محتاجة تستوي احسن من كدة
403,تحففففة بس ياريت يتعمل وجبات مشويات مع خضار سوتيه بديل للرز
404,الفرخه محروقه واجزاء منها مش موجود
405,ممتاز بس الاكل اتأخر شويه المرة دى
406,اتاخر في الاوردر
407,سيئ جدا والاوردر ناقص
408,وحش اوى بجد حقيقى مستواهم بقى غريب يريت الشيف القديم يرجع تانى
409,Very good
410,الاكل طازه وسخن 👍🏼👍🏼
411,النهارده بصراحه الفرخه كانت مش مستويه، بالاضافه ان في حد كلمني مش عارف اذا كان من خدمه العملاء او عامل التوصيل ويكلمني فيما معناه ان السلطه اللي بتيجي مع الطلب تخصنا كامطعم واللي انا بطلبه ده في الاوردر المفروض مايتطلبش، انا مش عارف ايه المشكله في ده
412,ممتاز و عندهم ضمير
413,الاهتمام بالسلطات بس زي مابيتم كتابتها في الاوردر، شكرا
414,الفرخة مش زي اللي في الصورة ومش شيش ولاحاجة
415,he left order downstairs with guard and didn't deliver it to the door as usually happens
416,ممتاز جددا بس لو الدجاج مستوي اكتر
417,الطيار محترم جدا جدا جدا وبصراحة التوصيل كان سريع جداً والاكل جالي زي مايكون لسه طالع من المطعم... كفووو منكم
418,الفراخ ليست بافضل حال
419,very good
420,😍😍
421,العيش بايت...ومش بيشوف الملحوظات علي الاوردر
422,الفراخ المشويه حلوه جدا بس المحاشي مش حلوه خالص خالص بجد ولا ورق العنب ولا الفلفل ولا الكوسه الممبار بس اللي حلو مع ان المفروض نفس الخلطه بس بجد طعهم ميتكلش والطحينه والتوميه حلو بس المفروض تجيبو سلطه خضرا مع الاوردر مكنش في بس هو مبدأيا حلو بس المحا...
423,مندوب التوصيل وقح وغير محترف ولا يعرف كيفية التعامل مع العملاء
424,الكباب البتلو ممتاز و الارز بالخطة حلو بس مفهوش مكسرات غير نصفين لوز فقط و الزبيب ،الفلتو ناشف شوية و غامق ، برام الأرز معجنات، السلطات سيئة جدا
425,"Delicious food.., slowly delivery is coming after 1 hour it’s over time to delivered the order ..,"
426,Ahla mashwyat ever the best 👌👌
427,السلطات كانت اسوأ ما يكون الطحينة سيئة و المخلل طعمه حامض
428,ورقة اللحمة جبتها مرة انبهرت .. التانية زفت لو غيرتوا الشيف انصحكم ترجعوه لانها المرة دي سيئة جدا جدا
429,Portions wasn’t enough in the soup
430,كان في طعم غريب ف المكرونه؟
431,ورقة لحمة عالمية بصراحة
432,عظمة
433,الفراخ المشوية تحفة بجد من انضف اماكن المشويات
434,very salty food. the meat is not local
435,الاكل سخن وطازه 👍🏻👍🏻
436,الدجاجة بعض اجزائها رائحتها كريهة جدا تصل لرائحة النتن
437,برجاء الاخذ في الاعتبار الملحوظه اللي بتكون مع الاوردر
438,كل حاجة ممتازة والأكل سخن وجميل
439,Tuhfaaa
440,السلطة حمضانة و العيش مش طازة
441,كميه صغيره جدا جدا ولاتساوي هذا السعر
442,الفراخ كانت فيها طعم غريب مش عارف ده زعتر ولا ايه بالظبط محلية طعمها وحش جدا و نفطية علي طعم الفراخ و جودتها
443,الاكل كان كويس بس سلاطات مش كافيه لفردين حتى والسمبوسك طلبتها ٦ قطع وصلو ٥ بس
444,الفرخة مشوية كويس و مستوية و التتبيلة حلوة لكن الاوردفير اللى مع الفرخة مش فى مستوى الوجبة مش مخدوم كويس ... ياريت نهتم به زيادة
445,للمره التانيه ماحدش بيأخد باله من السلطات اللي بتكون مطلوبه مع الاوردر برجاء الاهتمام
446,المشويات حلوه جدا وطازه كالعاده 👍🏻👌🏻 المكرونه البشاميل محتاجه تتحسن كتير
447,محترم وراقي و سريع
448,انا طالبه فريك جه ارز
449,برجاء مراعاه انواع السلطات اللتي يتم طلبها، لأن معظم اللي بيتبعت من السلطات لايأكل، تقبلو تحياتي
450,الاكل متلج
451,اللكل طعمه جميل
452,تجربه حلوه من عنده
453,الاكل سئ جدا والفراخ مش مستويه كويس والصدر فيه دم وماكده انها تتسوي كويس علي الفحم هي مش علي الفحم اصلا كل حاجه مش حلوة ارفتني في الفراخ تجربه سيئه
454,الفراخ طعمها سىء جدااااا رميتها
455,خدمه ممتازه جدا وناس محترمين
456,Found a bug
457,طعم سيء وكمية قليلة
458,السلطات اصبحت سيئة و قليلة
459,Excellent food 😋 👌
460,الاكل ناشف والحجم صغير جدا
461,انا طالب فرخة و ٢ ارز وجالى واحد بس
462,الفرخه للاسف فيها دم
463,Tarb was perfect. The sides were adequate too.
464,ممتاز.......................................
465,excellent
466,طازج وممناز
467,غير جاهز بعملة صغيرة لأخذ أكرامية اكتر
468,النجرسكو وحشه جدا والاكل مش زي كل مره
469,cold order not accepted at all
470,الأكل باااااارد جدا بدرجة وحشة كانه معمول من أمبارح و مجلد و اللحمة سواها مش حلو خالص والصراحة دي أول مرة أجيب من المحل ده اوردر بالوحاشة دي
471,حاجه خرا
472,التأخر في التوصيل
473,سيء جدا بعد الفطار بساعه ونصف ومش حلو طعم الاكل
474,الاكل سيئ جدااااااا ومفيش اي اهتمام بالاوردر ومفيش صدر ف الفرخه وصغيرة ومش معاها اي حاجه خااااااالص أسوأ تجربة جربتها الصراحة منهم او من غيرهم ومفيش مراعاة اننا صايمين وان ده فطار ل بني آدمين
475,الفراخ كانت ناشفه غير كل مره مش طازه خالص بايته ومتسخنه
476,الفراخ المشوية كانت ناشفة و مش طازه المره دي 😬
477,الاكل موصلش اصلاا وشكراا علي التجربة القذرة دي
478,الاكل جاي بعد الفطار بساعة الا عشر دقايق 👎👎👎👎👎
479,حسبي اللة و نعم الوكيل طلب سيء جدا لا يمكن تكونوا ناس عندها ضمير و تبعتوا اكل مقرف كدة
480,الاكل بارد والفراخ مجلده
481,الطعام جيد جداً ووصل في وقته وكميته كافية وطيار المنيوز مهذب وعنده مهنية
482,طلبت مكرونه نجرسكو جاتلى رز معمر
483,salads not fresh
484,الفراخ المشوية تمام
485,كان ممتاز
486,اكل رديئة وحجم مكرونه صغير جدا مقارنه بسعر
487,Thank u
488,2 hours for the delivery
489,للاسف واول مره الاكل كان سئ جدا .. البطه مش مستويه .. البطاطش والمحشي قليلين .. مكسرات اي كلام .. الشوربه ملهاش طعم بتاتا ..
490,الفراخ ضعيفه جدا ومش حلوه خالص
491,The rider was supposed to go look for change in the supermarket but he took 50eg from me and he was supposed to give me back 25 but he didn’t come back this is extremely unprofessional and disrespectful I can’t believe this actually happened
492,el bram kan helw bs nashef shwia w msh fresh. el mashweyat msh helwa zy akher mra w yaret yeb2a fe option 1/2 kilo fel app 3shan 1/3 soghayr le etnen
493,الباكدج طول عمره بييجي طبق فويل دلوقتي جايلي برام صغير جدا و السلطات علب زبادي مش الطبيعي بتاعهم و دا متوضحليش وانا بطلب الاوردر انا بطلب بقالي سنتين من هنا عمره ما جالي بالسوء دا من المطعم
494,الكفته والكباب كويسين لكن اللحمه المشويه ناشفه جدأ
495,الاكل مكنش مستوى الفرخه كانت وحشه جدا
496,عاااااااااااااااااااش ❤️❤️❤️❤️❤️👌👌👌💪💪💪💪
497,طلبت طاجن حوارع كان سئ جدا هبارة عن بواقي كوارع و طلبت كباب حلة بجد لحمه سيئه جدا جدا و الطعم مش كويس بالرغم انى كنت طالبه فته كوارع كانت حلوة اوى بس معرفش المرة ديه الاكل كان في منتهى السوء
498,البيكاتا طعمها وحش جدًا اللحمة بتشد جدًا مش عارفة اقطعها والمشروم معلب مش فريش ومفيش خضار سوتيه زي ما هما كاتبين
499,الفراخ بايته و محروقه و طاجن الرز محروق و طعمه وحش حدا
500,Bad quality & taste . Customer service are not professional as well
501,الريش كانت بتشد و طعمها وحش اوي و ريحتها وحشة اترمت
502,طلبت حمام محشي فريك جالي ارز
503,بدون سلطات
504,طارجن الفراخ بالبطاطس الفراخ مش مستويه
505,للأسف الفرخة سيئة جدا وعبارة عن جلد ناشف
506,بس عقبال ما بتاخذه من الفيزا سحب وتوافقو ع الطلب بتتاخره اوي
507,الحمام ملوش طعم خالص و رز معجن
508,الحمام وحش اوي ملوش طعم خالص و الرز معجن
509,الفرخة مش مستوية كويس
510,الاكل ممتاز جدا وسخن وفيه البركة حتى نقصت الكمية برضو لسه كتير
511,الفراخ المشويه سيئه جدا وناشفه وصغيرة ولا ترقي ابدا لمستوي مطعم مشويات
512,طاجن البطاطس بالفراخ مليان فلفل اسود وشطه بطريقه رهيبه لدرجه مضيعه طعمه ومقدرناش ناكله ياريت تقللو الحامي عن كده
513,الاكل حلو جدا بس مشكل خضار عباره عن بطاطس مفيش اي نوع من أنواع الخضار بصراحة و الاوردر بيتاخر
514,بجد الفراخ المشوية طعمها جميل وطازج عن تجربة وكبيرة بجد مطعم محترم
515,البماميه كانت حامضانة
516,ممتاز بجد
517,يعني طعمه معدي بس مش ده مستوي المطعم
518,كل مرة بشتري فراخ من المطعم وبتكون حلوة اول مرة تكون زفرك بالطريقة دي صعبة صعبك صعبة ماتتاكلش دي واضح انها ماتنضفتش كويس
519,وو
520,الاكل مش مستوي خالص
521,Excellent food quality
522,ممتازه
523,ممتاز الممبار
524,Very bad quality
525,حلو اوووي
526,الطلب جة غير الي طلبتة ..طلبت كفتة شامي جالي كفتة سيخ
527,الكفتة مش متسوية كويس (كأنها مسلوقة !!) والسلطات حمضانة (كأنها متغرقة ليمون)
528,بقالي ٥سنين بيجب من ابو راوية كل مره بيبقي اسوء من اللي قبلها وزود السعر والفرخه صغرت والسلطات اي كلام والطعم مفيش
529,انا مستلمتش الاوردر أسوء برنامج و دفعت فيزا و فلوسى مرجعتليش
530,كويس
531,best Kebab in town
532,تأخر التوصيل عن الميعاد وفى الاخر لغوا الاودار من غير يقولوا وكنت عازم ناس على الفطار واحنا صايمين والطيار قالى جايلك وماجأش
533,الاكل كان سئ جدا لدرجة أصبت باسهال بسسبه
534,المفروض يوصلني 6 وصلني 7 .. ساعة تأخير من و الاوردر خالص من بدري في المطعم و تم استلامه متأخر من المطعم
535,Baked rice bram was very small otherwise everything was as expected
536,الطعم سئ جدا و الاكل لا يوجد به اهتمام متسخن و معمول من بدري و الوزن غير المكتوب
537,حلو كثير شكرا
538,الرز المعمر تحفة وحاجتكم كلها جميلة ربنا يبارك
539,الفراخ مكانتش مستوية كويس والكمية في السلطات كانت قليلة جدا جدا
540,كل حلو
541,،
542,روعة 🥳🥳🥳🥳🥳
543,The best grilled dishes in town!
544,كل حاجة تحفة وطعمها جميل والأكل سخن والدليڤري كان في منتهى الأدب والرقي شكراً ❤️
545,طلبت محشي باذنجان جالي مشكل
546,perfect
547,ليست ناضجة تماما
548,الاوردر ناقص شوربة
549,الفراخ مش مستويه والارز بايت
550,Amazing food
551,اكل ممتاز
552,Good taste Best experience
553,good food .
554,اكل ممتاز توصيل متأخر من المنيوز كالعاده
555,جودة الامل سيئة جدااا الشوربة مليانه رمل و الدجاج بالشوربة لونه غريب و الكباب اللحمة نية
556,طلبت نفس الاوردر مرتين، مرة كان حلو جدا وهايل والمرة التانية الاكل مش طازة وقديم ومش مستوي كويس. ياريت لو يحافظ على مستواه وجودته
557,👍
558,وحش
559,الفرخة المشوية وصلت قطع صغيرة متكملش فرخة طلب النص فرخة كان اكبر منها شى فى منتهى السوء تجربة مش حتتكرر حقيقى
560,حضرتك الفرخه جات مش مخليه وحجمها صغير
561,الاكل تحفه لكن ياريت نهتم بنضافه كراسي الاطفال
562,جميل ونظيف
563,اكل جميل توصيل متأخر من المنيوز كالعاده
564,Excellent
565,the oven pasta was extremely dry I throw it didn't eat even a single bite
566,الاكل حلو بس الرز المعمر الملح في كتير اوي
567,الملح قليل في الاكل
568,فراخ طازة وصل فى وقت سريع
569,أحلي اكل ده ولا ايه🎂🎂🎂🥰🥰💐💐💐🌼🌼🌼🌷🌷🌷🌷🌷🌷🧁🧁🎈🎈🎈🎈
570,من ١١ لحد ٢ الاكل موصلش
571,لا يوجد ذوق في التعامل من المطعم...
572,الاكل اكتر من رائع و سخن و طعمه بيتي و مظبوط و المندوب محترم و وصل ف الميعاد
573,اكل محترم توصيل في الميعاد
574,Fast good delivery and nice food
575,الاكل فوق الممتاز بس عامل التوصيل تابع لاطلب قليل الادب ولا يصلح لتوصيل في بيوت الناس
576,عظمه
577,الأفضل دائما... شكرا ابو راويه
578,اسؤ مطعم تأخير في الطلب وكمان جالي غلط
579,برام الارز باللحمه سئ جدا اللحمه مش مستويه
580,بصراحة الشكر واجب ♥🌿👍لاحلى فراخ مشويه من ابوراويه سموحه... العيش طعمه تحفه وكتير و٦ أصناف سلطات. شكرا جزيلا
581,the kofta wasn't cooked well
582,جميل
583,طعم رائع
584,fantastic
585,too late
586,التغليف في ورق و بدون علب ام سيء من مطعم مشهور مثل ابو راويه
587,اللحمه كانت نيه جدا و الزعلنى اوى ان المحشى كان ضارب جوه طبق الموزة مش هتعمل معاكو تانى اخر تعامل
588,Onion with orzo not orzo with meat cream caramel was awful the day before
589,الاكل تحفة جدا
590,too pricey
591,الاكل تحفة ونظيف جدا ان شاء الله مش اخر مره
592,مطلوب زياده الملح في الاكل
593,تحفه
594,احلى وجبه مشويه
595,الاكل جاي سخن والفراخ المشوية مستوية و طازة والمحاشي طعم بيتي وسعر مناسب
596,Excellent fish! Will definitely order again! Highly recommended
597,اجود انواع اللحوم البلدى اسماك طازجه دائما مطبخ شرقى رائع اشهى انواع السلاطات وحلويات ممتازه شكرا ابوراويه شكرا افضل دلفرى فى مصر
598,the food was very good but the check was higher than was shown in the application
599,اسرع دليفيرى مكان هادى جميل جدا خدمة محترمة الاكل طعمه لذيذ جدا واهم حاجة بيوصل سخن
600,بصراحه افشل دليفري في العالم
601,الاكل كان حلو جدا .. احلي حاجة الطرب فعلا فظيع الكفتة حلوة الريش جميلة بيجي مع الاكل سلطات كتير و عيش كتير االاسعار متوسطة و ده شيء كويس جدا بالنسبة لجودة الاكل
602,الفرع نضيف جدا و ال staff كله منتهي الذوق والاكل جميل ???? #سموحه
603,"nice place ,good service and the food was so delicious"
604,"Everything is bad. Food, Quality, Service, Place The worst experience ever"
